TIME,GEO,SIEC,PLANT_TEC,UNIT,Value
2011,European Union - 27 countries (from 2020),Hydro,Net maximum electrical capacity,Megawatt,144343.33
2011,European Union - 27 countries (from 2020),Wind,Net maximum electrical capacity,Megawatt,87406.53
2011,European Union - 27 countries (from 2020),Solar,Net maximum electrical capacity,Megawatt,53287.11
2011,European Union - 27 countries (from 2020),Solid Biofuels,Net maximum electrical capacity,Megawatt,13211.88
2011,Euro area - 19 countries  (from 2015),Hydro,Net maximum electrical capacity,Megawatt,111439.07
2011,Euro area - 19 countries  (from 2015),Wind,Net maximum electrical capacity,Megawatt,76687.55
2011,Euro area - 19 countries  (from 2015),Solar,Net maximum electrical capacity,Megawatt,51185.00
2011,Euro area - 19 countries  (from 2015),Solid Biofuels,Net maximum electrical capacity,Megawatt,7939.23
2011,Belgium,Hydro,Net maximum electrical capacity,Megawatt,1426.00
2011,Belgium,Wind,Net maximum electrical capacity,Megawatt,1069.00
2011,Belgium,Solar,Net maximum electrical capacity,Megawatt,1978.60
2011,Belgium,Solid Biofuels,Net maximum electrical capacity,Megawatt,701.00
2011,Bulgaria,Hydro,Net maximum electrical capacity,Megawatt,3108.00
2011,Bulgaria,Wind,Net maximum electrical capacity,Megawatt,541.00
2011,Bulgaria,Solar,Net maximum electrical capacity,Megawatt,154.00
2011,Bulgaria,Solid Biofuels,Net maximum electrical capacity,Megawatt,6.00
2011,Czechia,Hydro,Net maximum electrical capacity,Megawatt,2197.00
2011,Czechia,Wind,Net maximum electrical capacity,Megawatt,213.00
2011,Czechia,Solar,Net maximum electrical capacity,Megawatt,1913.00
2011,Czechia,Solid Biofuels,Net maximum electrical capacity,Megawatt,306.00
2011,Denmark,Hydro,Net maximum electrical capacity,Megawatt,9.26
2011,Denmark,Wind,Net maximum electrical capacity,Megawatt,3951.98
2011,Denmark,Solar,Net maximum electrical capacity,Megawatt,17.00
2011,Denmark,Solid Biofuels,Net maximum electrical capacity,Megawatt,920.65
2011,Germany,Hydro,Net maximum electrical capacity,Megawatt,11436.00
2011,Germany,Wind,Net maximum electrical capacity,Megawatt,28712.00
2011,Germany,Solar,Net maximum electrical capacity,Megawatt,25916.00
2011,Germany,Solid Biofuels,Net maximum electrical capacity,Megawatt,1554.00
2011,Estonia,Hydro,Net maximum electrical capacity,Megawatt,5.00
2011,Estonia,Wind,Net maximum electrical capacity,Megawatt,180.00
2011,Estonia,Solar,Net maximum electrical capacity,Megawatt,0.00
2011,Estonia,Solid Biofuels,Net maximum electrical capacity,Megawatt,145.00
2011,Ireland,Hydro,Net maximum electrical capacity,Megawatt,237.00
2011,Ireland,Wind,Net maximum electrical capacity,Megawatt,1584.60
2011,Ireland,Solar,Net maximum electrical capacity,Megawatt,0.79
2011,Ireland,Solid Biofuels,Net maximum electrical capacity,Megawatt,5.45
2011,Greece,Hydro,Net maximum electrical capacity,Megawatt,3224.00
2011,Greece,Wind,Net maximum electrical capacity,Megawatt,1640.00
2011,Greece,Solar,Net maximum electrical capacity,Megawatt,612.00
2011,Greece,Solid Biofuels,Net maximum electrical capacity,Megawatt,0.00
2011,Spain,Hydro,Net maximum electrical capacity,Megawatt,18540.00
2011,Spain,Wind,Net maximum electrical capacity,Megawatt,21529.00
2011,Spain,Solar,Net maximum electrical capacity,Megawatt,5432.00
2011,Spain,Solid Biofuels,Net maximum electrical capacity,Megawatt,558.17
2011,France,Hydro,Net maximum electrical capacity,Megawatt,25642.37
2011,France,Wind,Net maximum electrical capacity,Megawatt,6758.02
2011,France,Solar,Net maximum electrical capacity,Megawatt,3003.57
2011,France,Solid Biofuels,Net maximum electrical capacity,Megawatt,330.06
2011,Croatia,Hydro,Net maximum electrical capacity,Megawatt,2129.00
2011,Croatia,Wind,Net maximum electrical capacity,Megawatt,130.00
2011,Croatia,Solar,Net maximum electrical capacity,Megawatt,0.00
2011,Croatia,Solid Biofuels,Net maximum electrical capacity,Megawatt,6.00
2011,Italy,Hydro,Net maximum electrical capacity,Megawatt,21737.00
2011,Italy,Wind,Net maximum electrical capacity,Megawatt,6918.00
2011,Italy,Solar,Net maximum electrical capacity,Megawatt,13131.00
2011,Italy,Solid Biofuels,Net maximum electrical capacity,Megawatt,421.00
2011,Cyprus,Hydro,Net maximum electrical capacity,Megawatt,0.00
2011,Cyprus,Wind,Net maximum electrical capacity,Megawatt,134.23
2011,Cyprus,Solar,Net maximum electrical capacity,Megawatt,10.00
2011,Cyprus,Solid Biofuels,Net maximum electrical capacity,Megawatt,0.00
2011,Latvia,Hydro,Net maximum electrical capacity,Megawatt,1576.00
2011,Latvia,Wind,Net maximum electrical capacity,Megawatt,36.00
2011,Latvia,Solar,Net maximum electrical capacity,Megawatt,0.00
2011,Latvia,Solid Biofuels,Net maximum electrical capacity,Megawatt,5.00
2011,Lithuania,Hydro,Net maximum electrical capacity,Megawatt,876.00
2011,Lithuania,Wind,Net maximum electrical capacity,Megawatt,202.00
2011,Lithuania,Solar,Net maximum electrical capacity,Megawatt,0.00
2011,Lithuania,Solid Biofuels,Net maximum electrical capacity,Megawatt,18.00
2011,Luxembourg,Hydro,Net maximum electrical capacity,Megawatt,1134.31
2011,Luxembourg,Wind,Net maximum electrical capacity,Megawatt,44.53
2011,Luxembourg,Solar,Net maximum electrical capacity,Megawatt,40.67
2011,Luxembourg,Solid Biofuels,Net maximum electrical capacity,Megawatt,0.00
2011,Hungary,Hydro,Net maximum electrical capacity,Megawatt,55.00
2011,Hungary,Wind,Net maximum electrical capacity,Megawatt,331.00
2011,Hungary,Solar,Net maximum electrical capacity,Megawatt,4.00
2011,Hungary,Solid Biofuels,Net maximum electrical capacity,Megawatt,436.00
2011,Malta,Hydro,Net maximum electrical capacity,Megawatt,0.00
2011,Malta,Wind,Net maximum electrical capacity,Megawatt,0.00
2011,Malta,Solar,Net maximum electrical capacity,Megawatt,5.30
2011,Malta,Solid Biofuels,Net maximum electrical capacity,Megawatt,0.00
2011,Netherlands,Hydro,Net maximum electrical capacity,Megawatt,37.00
2011,Netherlands,Wind,Net maximum electrical capacity,Megawatt,2316.00
2011,Netherlands,Solar,Net maximum electrical capacity,Megawatt,149.00
2011,Netherlands,Solid Biofuels,Net maximum electrical capacity,Megawatt,132.58
2011,Austria,Hydro,Net maximum electrical capacity,Megawatt,13177.39
2011,Austria,Wind,Net maximum electrical capacity,Megawatt,1105.97
2011,Austria,Solar,Net maximum electrical capacity,Megawatt,174.07
2011,Austria,Solid Biofuels,Net maximum electrical capacity,Megawatt,1627.97
2011,Poland,Hydro,Net maximum electrical capacity,Megawatt,2346.00
2011,Poland,Wind,Net maximum electrical capacity,Megawatt,1800.00
2011,Poland,Solar,Net maximum electrical capacity,Megawatt,1.11
2011,Poland,Solid Biofuels,Net maximum electrical capacity,Megawatt,175.00
2011,Portugal,Hydro,Net maximum electrical capacity,Megawatt,5535.00
2011,Portugal,Wind,Net maximum electrical capacity,Megawatt,4256.22
2011,Portugal,Solar,Net maximum electrical capacity,Megawatt,172.00
2011,Portugal,Solid Biofuels,Net maximum electrical capacity,Megawatt,478.00
2011,Romania,Hydro,Net maximum electrical capacity,Megawatt,6483.00
2011,Romania,Wind,Net maximum electrical capacity,Megawatt,988.00
2011,Romania,Solar,Net maximum electrical capacity,Megawatt,1.00
2011,Romania,Solid Biofuels,Net maximum electrical capacity,Megawatt,26.00
2011,Slovenia,Hydro,Net maximum electrical capacity,Megawatt,1253.00
2011,Slovenia,Wind,Net maximum electrical capacity,Megawatt,0.00
2011,Slovenia,Solar,Net maximum electrical capacity,Megawatt,57.00
2011,Slovenia,Solid Biofuels,Net maximum electrical capacity,Megawatt,33.00
2011,Slovakia,Hydro,Net maximum electrical capacity,Megawatt,2523.00
2011,Slovakia,Wind,Net maximum electrical capacity,Megawatt,3.00
2011,Slovakia,Solar,Net maximum electrical capacity,Megawatt,496.00
2011,Slovakia,Solid Biofuels,Net maximum electrical capacity,Megawatt,171.00
2011,Finland,Hydro,Net maximum electrical capacity,Megawatt,3080.00
2011,Finland,Wind,Net maximum electrical capacity,Megawatt,199.00
2011,Finland,Solar,Net maximum electrical capacity,Megawatt,7.00
2011,Finland,Solid Biofuels,Net maximum electrical capacity,Megawatt,1759.00
2011,Sweden,Hydro,Net maximum electrical capacity,Megawatt,16577.00
2011,Sweden,Wind,Net maximum electrical capacity,Megawatt,2764.00
2011,Sweden,Solar,Net maximum electrical capacity,Megawatt,12.00
2011,Sweden,Solid Biofuels,Net maximum electrical capacity,Megawatt,3397.00
2011,United Kingdom,Hydro,Net maximum electrical capacity,Megawatt,4423.00
2011,United Kingdom,Wind,Net maximum electrical capacity,Megawatt,6596.29
2011,United Kingdom,Solar,Net maximum electrical capacity,Megawatt,1000.00
2011,United Kingdom,Solid Biofuels,Net maximum electrical capacity,Megawatt,1627.00
2012,European Union - 27 countries (from 2020),Hydro,Net maximum electrical capacity,Megawatt,144944.17
2012,European Union - 27 countries (from 2020),Wind,Net maximum electrical capacity,Megawatt,97148.14
2012,European Union - 27 countries (from 2020),Solar,Net maximum electrical capacity,Megawatt,71132.43
2012,European Union - 27 countries (from 2020),Solid Biofuels,Net maximum electrical capacity,Megawatt,13455.02
2012,Euro area - 19 countries  (from 2015),Hydro,Net maximum electrical capacity,Megawatt,112043.91
2012,Euro area - 19 countries  (from 2015),Wind,Net maximum electrical capacity,Megawatt,83554.20
2012,Euro area - 19 countries  (from 2015),Solar,Net maximum electrical capacity,Megawatt,67613.13
2012,Euro area - 19 countries  (from 2015),Solid Biofuels,Net maximum electrical capacity,Megawatt,7681.47
2012,Belgium,Hydro,Net maximum electrical capacity,Megawatt,1427.00
2012,Belgium,Wind,Net maximum electrical capacity,Megawatt,1370.00
2012,Belgium,Solar,Net maximum electrical capacity,Megawatt,2646.60
2012,Belgium,Solid Biofuels,Net maximum electrical capacity,Megawatt,678.00
2012,Bulgaria,Hydro,Net maximum electrical capacity,Megawatt,3181.00
2012,Bulgaria,Wind,Net maximum electrical capacity,Megawatt,677.00
2012,Bulgaria,Solar,Net maximum electrical capacity,Megawatt,1013.00
2012,Bulgaria,Solid Biofuels,Net maximum electrical capacity,Megawatt,14.00
2012,Czechia,Hydro,Net maximum electrical capacity,Megawatt,2212.00
2012,Czechia,Wind,Net maximum electrical capacity,Megawatt,258.00
2012,Czechia,Solar,Net maximum electrical capacity,Megawatt,2022.00
2012,Czechia,Solid Biofuels,Net maximum electrical capacity,Megawatt,330.00
2012,Denmark,Hydro,Net maximum electrical capacity,Megawatt,9.26
2012,Denmark,Wind,Net maximum electrical capacity,Megawatt,4161.94
2012,Denmark,Solar,Net maximum electrical capacity,Megawatt,402.00
2012,Denmark,Solid Biofuels,Net maximum electrical capacity,Megawatt,1155.55
2012,Germany,Hydro,Net maximum electrical capacity,Megawatt,11257.00
2012,Germany,Wind,Net maximum electrical capacity,Megawatt,30979.00
2012,Germany,Solar,Net maximum electrical capacity,Megawatt,34077.00
2012,Germany,Solid Biofuels,Net maximum electrical capacity,Megawatt,1558.00
2012,Estonia,Hydro,Net maximum electrical capacity,Megawatt,8.00
2012,Estonia,Wind,Net maximum electrical capacity,Megawatt,266.00
2012,Estonia,Solar,Net maximum electrical capacity,Megawatt,0.00
2012,Estonia,Solid Biofuels,Net maximum electrical capacity,Megawatt,163.00
2012,Ireland,Hydro,Net maximum electrical capacity,Megawatt,529.00
2012,Ireland,Wind,Net maximum electrical capacity,Megawatt,1704.35
2012,Ireland,Solar,Net maximum electrical capacity,Megawatt,0.94
2012,Ireland,Solid Biofuels,Net maximum electrical capacity,Megawatt,5.45
2012,Greece,Hydro,Net maximum electrical capacity,Megawatt,3236.00
2012,Greece,Wind,Net maximum electrical capacity,Megawatt,1753.00
2012,Greece,Solar,Net maximum electrical capacity,Megawatt,1536.00
2012,Greece,Solid Biofuels,Net maximum electrical capacity,Megawatt,0.00
2012,Spain,Hydro,Net maximum electrical capacity,Megawatt,18550.00
2012,Spain,Wind,Net maximum electrical capacity,Megawatt,22789.00
2012,Spain,Solar,Net maximum electrical capacity,Megawatt,6569.00
2012,Spain,Solid Biofuels,Net maximum electrical capacity,Megawatt,635.86
2012,France,Hydro,Net maximum electrical capacity,Megawatt,25656.72
2012,France,Wind,Net maximum electrical capacity,Megawatt,7607.50
2012,France,Solar,Net maximum electrical capacity,Megawatt,4358.75
2012,France,Solid Biofuels,Net maximum electrical capacity,Megawatt,359.53
2012,Croatia,Hydro,Net maximum electrical capacity,Megawatt,2129.00
2012,Croatia,Wind,Net maximum electrical capacity,Megawatt,180.00
2012,Croatia,Solar,Net maximum electrical capacity,Megawatt,4.00
2012,Croatia,Solid Biofuels,Net maximum electrical capacity,Megawatt,7.00
2012,Italy,Hydro,Net maximum electrical capacity,Megawatt,21880.00
2012,Italy,Wind,Net maximum electrical capacity,Megawatt,8102.00
2012,Italy,Solar,Net maximum electrical capacity,Megawatt,16785.00
2012,Italy,Solid Biofuels,Net maximum electrical capacity,Megawatt,538.00
2012,Cyprus,Hydro,Net maximum electrical capacity,Megawatt,0.00
2012,Cyprus,Wind,Net maximum electrical capacity,Megawatt,147.23
2012,Cyprus,Solar,Net maximum electrical capacity,Megawatt,17.00
2012,Cyprus,Solid Biofuels,Net maximum electrical capacity,Megawatt,0.00
2012,Latvia,Hydro,Net maximum electrical capacity,Megawatt,1576.00
2012,Latvia,Wind,Net maximum electrical capacity,Megawatt,59.00
2012,Latvia,Solar,Net maximum electrical capacity,Megawatt,0.00
2012,Latvia,Solid Biofuels,Net maximum electrical capacity,Megawatt,23.00
2012,Lithuania,Hydro,Net maximum electrical capacity,Megawatt,876.00
2012,Lithuania,Wind,Net maximum electrical capacity,Megawatt,275.00
2012,Lithuania,Solar,Net maximum electrical capacity,Megawatt,7.00
2012,Lithuania,Solid Biofuels,Net maximum electrical capacity,Megawatt,38.00
2012,Luxembourg,Hydro,Net maximum electrical capacity,Megawatt,1134.31
2012,Luxembourg,Wind,Net maximum electrical capacity,Megawatt,58.33
2012,Luxembourg,Solar,Net maximum electrical capacity,Megawatt,74.65
2012,Luxembourg,Solid Biofuels,Net maximum electrical capacity,Megawatt,0.00
2012,Hungary,Hydro,Net maximum electrical capacity,Megawatt,56.00
2012,Hungary,Wind,Net maximum electrical capacity,Megawatt,325.00
2012,Hungary,Solar,Net maximum electrical capacity,Megawatt,12.00
2012,Hungary,Solid Biofuels,Net maximum electrical capacity,Megawatt,260.00
2012,Malta,Hydro,Net maximum electrical capacity,Megawatt,0.00
2012,Malta,Wind,Net maximum electrical capacity,Megawatt,0.10
2012,Malta,Solar,Net maximum electrical capacity,Megawatt,15.70
2012,Malta,Solid Biofuels,Net maximum electrical capacity,Megawatt,0.00
2012,Netherlands,Hydro,Net maximum electrical capacity,Megawatt,37.00
2012,Netherlands,Wind,Net maximum electrical capacity,Megawatt,2433.00
2012,Netherlands,Solar,Net maximum electrical capacity,Megawatt,287.00
2012,Netherlands,Solid Biofuels,Net maximum electrical capacity,Megawatt,172.17
2012,Austria,Hydro,Net maximum electrical capacity,Megawatt,13308.89
2012,Austria,Wind,Net maximum electrical capacity,Megawatt,1337.15
2012,Austria,Solar,Net maximum electrical capacity,Megawatt,337.48
2012,Austria,Solid Biofuels,Net maximum electrical capacity,Megawatt,1105.46
2012,Poland,Hydro,Net maximum electrical capacity,Megawatt,2351.00
2012,Poland,Wind,Net maximum electrical capacity,Megawatt,2564.00
2012,Poland,Solar,Net maximum electrical capacity,Megawatt,1.30
2012,Poland,Solid Biofuels,Net maximum electrical capacity,Megawatt,455.00
2012,Portugal,Hydro,Net maximum electrical capacity,Megawatt,5712.00
2012,Portugal,Wind,Net maximum electrical capacity,Megawatt,4411.55
2012,Portugal,Solar,Net maximum electrical capacity,Megawatt,238.00
2012,Portugal,Solid Biofuels,Net maximum electrical capacity,Megawatt,479.00
2012,Romania,Hydro,Net maximum electrical capacity,Megawatt,6548.00
2012,Romania,Wind,Net maximum electrical capacity,Megawatt,1822.00
2012,Romania,Solar,Net maximum electrical capacity,Megawatt,41.00
2012,Romania,Solid Biofuels,Net maximum electrical capacity,Megawatt,30.00
2012,Slovenia,Hydro,Net maximum electrical capacity,Megawatt,1254.00
2012,Slovenia,Wind,Net maximum electrical capacity,Megawatt,2.00
2012,Slovenia,Solar,Net maximum electrical capacity,Megawatt,142.00
2012,Slovenia,Solid Biofuels,Net maximum electrical capacity,Megawatt,30.00
2012,Slovakia,Hydro,Net maximum electrical capacity,Megawatt,2522.00
2012,Slovakia,Wind,Net maximum electrical capacity,Megawatt,3.00
2012,Slovakia,Solar,Net maximum electrical capacity,Megawatt,513.00
2012,Slovakia,Solid Biofuels,Net maximum electrical capacity,Megawatt,169.00
2012,Finland,Hydro,Net maximum electrical capacity,Megawatt,3080.00
2012,Finland,Wind,Net maximum electrical capacity,Megawatt,257.00
2012,Finland,Solar,Net maximum electrical capacity,Megawatt,8.00
2012,Finland,Solid Biofuels,Net maximum electrical capacity,Megawatt,1727.00
2012,Sweden,Hydro,Net maximum electrical capacity,Megawatt,16414.00
2012,Sweden,Wind,Net maximum electrical capacity,Megawatt,3606.00
2012,Sweden,Solar,Net maximum electrical capacity,Megawatt,24.00
2012,Sweden,Solid Biofuels,Net maximum electrical capacity,Megawatt,3522.00
2012,United Kingdom,Hydro,Net maximum electrical capacity,Megawatt,4437.00
2012,United Kingdom,Wind,Net maximum electrical capacity,Megawatt,9030.42
2012,United Kingdom,Solar,Net maximum electrical capacity,Megawatt,1753.00
2012,United Kingdom,Solid Biofuels,Net maximum electrical capacity,Megawatt,1485.00
2013,European Union - 27 countries (from 2020),Hydro,Net maximum electrical capacity,Megawatt,146049.20
2013,European Union - 27 countries (from 2020),Wind,Net maximum electrical capacity,Megawatt,105638.22
2013,European Union - 27 countries (from 2020),Solar,Net maximum electrical capacity,Megawatt,79690.36
2013,European Union - 27 countries (from 2020),Solid Biofuels,Net maximum electrical capacity,Megawatt,13118.31
2013,Euro area - 19 countries  (from 2015),Hydro,Net maximum electrical capacity,Megawatt,112891.47
2013,Euro area - 19 countries  (from 2015),Wind,Net maximum electrical capacity,Megawatt,88895.29
2013,Euro area - 19 countries  (from 2015),Solar,Net maximum electrical capacity,Megawatt,75175.46
2013,Euro area - 19 countries  (from 2015),Solid Biofuels,Net maximum electrical capacity,Megawatt,7872.60
2013,Belgium,Hydro,Net maximum electrical capacity,Megawatt,1429.00
2013,Belgium,Wind,Net maximum electrical capacity,Megawatt,1780.00
2013,Belgium,Solar,Net maximum electrical capacity,Megawatt,2901.60
2013,Belgium,Solid Biofuels,Net maximum electrical capacity,Megawatt,640.00
2013,Bulgaria,Hydro,Net maximum electrical capacity,Megawatt,3203.00
2013,Bulgaria,Wind,Net maximum electrical capacity,Megawatt,683.00
2013,Bulgaria,Solar,Net maximum electrical capacity,Megawatt,1020.00
2013,Bulgaria,Solid Biofuels,Net maximum electrical capacity,Megawatt,30.00
2013,Czechia,Hydro,Net maximum electrical capacity,Megawatt,2252.00
2013,Czechia,Wind,Net maximum electrical capacity,Megawatt,262.00
2013,Czechia,Solar,Net maximum electrical capacity,Megawatt,2063.50
2013,Czechia,Solid Biofuels,Net maximum electrical capacity,Megawatt,306.00
2013,Denmark,Hydro,Net maximum electrical capacity,Megawatt,8.73
2013,Denmark,Wind,Net maximum electrical capacity,Megawatt,4818.92
2013,Denmark,Solar,Net maximum electrical capacity,Megawatt,571.00
2013,Denmark,Solid Biofuels,Net maximum electrical capacity,Megawatt,918.72
2013,Germany,Hydro,Net maximum electrical capacity,Megawatt,11239.00
2013,Germany,Wind,Net maximum electrical capacity,Megawatt,33477.00
2013,Germany,Solar,Net maximum electrical capacity,Megawatt,36710.00
2013,Germany,Solid Biofuels,Net maximum electrical capacity,Megawatt,1623.00
2013,Estonia,Hydro,Net maximum electrical capacity,Megawatt,8.00
2013,Estonia,Wind,Net maximum electrical capacity,Megawatt,248.00
2013,Estonia,Solar,Net maximum electrical capacity,Megawatt,0.00
2013,Estonia,Solid Biofuels,Net maximum electrical capacity,Megawatt,150.00
2013,Ireland,Hydro,Net maximum electrical capacity,Megawatt,529.00
2013,Ireland,Wind,Net maximum electrical capacity,Megawatt,1923.30
2013,Ireland,Solar,Net maximum electrical capacity,Megawatt,1.02
2013,Ireland,Solid Biofuels,Net maximum electrical capacity,Megawatt,5.45
2013,Greece,Hydro,Net maximum electrical capacity,Megawatt,3238.00
2013,Greece,Wind,Net maximum electrical capacity,Megawatt,1809.00
2013,Greece,Solar,Net maximum electrical capacity,Megawatt,2579.00
2013,Greece,Solid Biofuels,Net maximum electrical capacity,Megawatt,0.00
2013,Spain,Hydro,Net maximum electrical capacity,Megawatt,19185.00
2013,Spain,Wind,Net maximum electrical capacity,Megawatt,22958.00
2013,Spain,Solar,Net maximum electrical capacity,Megawatt,6994.06
2013,Spain,Solid Biofuels,Net maximum electrical capacity,Megawatt,652.94
2013,France,Hydro,Net maximum electrical capacity,Megawatt,25646.15
2013,France,Wind,Net maximum electrical capacity,Megawatt,8155.96
2013,France,Solar,Net maximum electrical capacity,Megawatt,5277.29
2013,France,Solid Biofuels,Net maximum electrical capacity,Megawatt,446.44
2013,Croatia,Hydro,Net maximum electrical capacity,Megawatt,2178.00
2013,Croatia,Wind,Net maximum electrical capacity,Megawatt,254.00
2013,Croatia,Solar,Net maximum electrical capacity,Megawatt,19.00
2013,Croatia,Solid Biofuels,Net maximum electrical capacity,Megawatt,7.00
2013,Italy,Hydro,Net maximum electrical capacity,Megawatt,22009.00
2013,Italy,Wind,Net maximum electrical capacity,Megawatt,8542.00
2013,Italy,Solar,Net maximum electrical capacity,Megawatt,18185.00
2013,Italy,Solid Biofuels,Net maximum electrical capacity,Megawatt,606.00
2013,Cyprus,Hydro,Net maximum electrical capacity,Megawatt,0.00
2013,Cyprus,Wind,Net maximum electrical capacity,Megawatt,147.23
2013,Cyprus,Solar,Net maximum electrical capacity,Megawatt,35.00
2013,Cyprus,Solid Biofuels,Net maximum electrical capacity,Megawatt,0.00
2013,Latvia,Hydro,Net maximum electrical capacity,Megawatt,1586.62
2013,Latvia,Wind,Net maximum electrical capacity,Megawatt,65.89
2013,Latvia,Solar,Net maximum electrical capacity,Megawatt,0.00
2013,Latvia,Solid Biofuels,Net maximum electrical capacity,Megawatt,55.00
2013,Lithuania,Hydro,Net maximum electrical capacity,Megawatt,876.00
2013,Lithuania,Wind,Net maximum electrical capacity,Megawatt,279.00
2013,Lithuania,Solar,Net maximum electrical capacity,Megawatt,68.00
2013,Lithuania,Solid Biofuels,Net maximum electrical capacity,Megawatt,43.00
2013,Luxembourg,Hydro,Net maximum electrical capacity,Megawatt,1134.31
2013,Luxembourg,Wind,Net maximum electrical capacity,Megawatt,58.33
2013,Luxembourg,Solar,Net maximum electrical capacity,Megawatt,95.02
2013,Luxembourg,Solid Biofuels,Net maximum electrical capacity,Megawatt,3.75
2013,Hungary,Hydro,Net maximum electrical capacity,Megawatt,57.00
2013,Hungary,Wind,Net maximum electrical capacity,Megawatt,329.00
2013,Hungary,Solar,Net maximum electrical capacity,Megawatt,35.00
2013,Hungary,Solid Biofuels,Net maximum electrical capacity,Megawatt,247.00
2013,Malta,Hydro,Net maximum electrical capacity,Megawatt,0.00
2013,Malta,Wind,Net maximum electrical capacity,Megawatt,0.10
2013,Malta,Solar,Net maximum electrical capacity,Megawatt,28.50
2013,Malta,Solid Biofuels,Net maximum electrical capacity,Megawatt,0.00
2013,Netherlands,Hydro,Net maximum electrical capacity,Megawatt,37.00
2013,Netherlands,Wind,Net maximum electrical capacity,Megawatt,2713.00
2013,Netherlands,Solar,Net maximum electrical capacity,Megawatt,650.00
2013,Netherlands,Solid Biofuels,Net maximum electrical capacity,Megawatt,214.67
2013,Austria,Hydro,Net maximum electrical capacity,Megawatt,13383.40
2013,Austria,Wind,Net maximum electrical capacity,Megawatt,1674.54
2013,Austria,Solar,Net maximum electrical capacity,Megawatt,625.97
2013,Austria,Solid Biofuels,Net maximum electrical capacity,Megawatt,1017.35
2013,Poland,Hydro,Net maximum electrical capacity,Megawatt,2355.00
2013,Poland,Wind,Net maximum electrical capacity,Megawatt,3429.00
2013,Poland,Solar,Net maximum electrical capacity,Megawatt,2.39
2013,Poland,Solid Biofuels,Net maximum electrical capacity,Megawatt,582.00
2013,Portugal,Hydro,Net maximum electrical capacity,Megawatt,5661.00
2013,Portugal,Wind,Net maximum electrical capacity,Megawatt,4609.95
2013,Portugal,Solar,Net maximum electrical capacity,Megawatt,296.00
2013,Portugal,Solid Biofuels,Net maximum electrical capacity,Megawatt,458.00
2013,Romania,Hydro,Net maximum electrical capacity,Megawatt,6610.00
2013,Romania,Wind,Net maximum electrical capacity,Megawatt,2773.00
2013,Romania,Solar,Net maximum electrical capacity,Megawatt,761.00
2013,Romania,Solid Biofuels,Net maximum electrical capacity,Megawatt,35.00
2013,Slovenia,Hydro,Net maximum electrical capacity,Megawatt,1299.00
2013,Slovenia,Wind,Net maximum electrical capacity,Megawatt,2.00
2013,Slovenia,Solar,Net maximum electrical capacity,Megawatt,187.00
2013,Slovenia,Solid Biofuels,Net maximum electrical capacity,Megawatt,30.00
2013,Slovakia,Hydro,Net maximum electrical capacity,Megawatt,2523.00
2013,Slovakia,Wind,Net maximum electrical capacity,Megawatt,5.00
2013,Slovakia,Solar,Net maximum electrical capacity,Megawatt,533.00
2013,Slovakia,Solid Biofuels,Net maximum electrical capacity,Megawatt,176.00
2013,Finland,Hydro,Net maximum electrical capacity,Megawatt,3108.00
2013,Finland,Wind,Net maximum electrical capacity,Megawatt,447.00
2013,Finland,Solar,Net maximum electrical capacity,Megawatt,9.00
2013,Finland,Solid Biofuels,Net maximum electrical capacity,Megawatt,1751.00
2013,Sweden,Hydro,Net maximum electrical capacity,Megawatt,16494.00
2013,Sweden,Wind,Net maximum electrical capacity,Megawatt,4194.00
2013,Sweden,Solar,Net maximum electrical capacity,Megawatt,43.00
2013,Sweden,Solid Biofuels,Net maximum electrical capacity,Megawatt,3120.00
2013,United Kingdom,Hydro,Net maximum electrical capacity,Megawatt,4453.00
2013,United Kingdom,Wind,Net maximum electrical capacity,Megawatt,11282.27
2013,United Kingdom,Solar,Net maximum electrical capacity,Megawatt,2937.00
2013,United Kingdom,Solid Biofuels,Net maximum electrical capacity,Megawatt,2104.00
2014,European Union - 27 countries (from 2020),Hydro,Net maximum electrical capacity,Megawatt,146206.14
2014,European Union - 27 countries (from 2020),Wind,Net maximum electrical capacity,Megawatt,115630.49
2014,European Union - 27 countries (from 2020),Solar,Net maximum electrical capacity,Megawatt,83616.44
2014,European Union - 27 countries (from 2020),Solid Biofuels,Net maximum electrical capacity,Megawatt,14008.73
2014,Euro area - 19 countries  (from 2015),Hydro,Net maximum electrical capacity,Megawatt,113516.42
2014,Euro area - 19 countries  (from 2015),Wind,Net maximum electrical capacity,Megawatt,96931.09
2014,Euro area - 19 countries  (from 2015),Solar,Net maximum electrical capacity,Megawatt,78413.89
2014,Euro area - 19 countries  (from 2015),Solid Biofuels,Net maximum electrical capacity,Megawatt,7722.37
2014,Belgium,Hydro,Net maximum electrical capacity,Megawatt,1431.00
2014,Belgium,Wind,Net maximum electrical capacity,Megawatt,1944.00
2014,Belgium,Solar,Net maximum electrical capacity,Megawatt,3015.00
2014,Belgium,Solid Biofuels,Net maximum electrical capacity,Megawatt,557.60
2014,Bulgaria,Hydro,Net maximum electrical capacity,Megawatt,3219.00
2014,Bulgaria,Wind,Net maximum electrical capacity,Megawatt,699.00
2014,Bulgaria,Solar,Net maximum electrical capacity,Megawatt,1026.00
2014,Bulgaria,Solid Biofuels,Net maximum electrical capacity,Megawatt,30.00
2014,Czechia,Hydro,Net maximum electrical capacity,Megawatt,2252.00
2014,Czechia,Wind,Net maximum electrical capacity,Megawatt,278.00
2014,Czechia,Solar,Net maximum electrical capacity,Megawatt,2067.40
2014,Czechia,Solid Biofuels,Net maximum electrical capacity,Megawatt,355.00
2014,Denmark,Hydro,Net maximum electrical capacity,Megawatt,8.62
2014,Denmark,Wind,Net maximum electrical capacity,Megawatt,4886.40
2014,Denmark,Solar,Net maximum electrical capacity,Megawatt,607.00
2014,Denmark,Solid Biofuels,Net maximum electrical capacity,Megawatt,989.36
2014,Germany,Hydro,Net maximum electrical capacity,Megawatt,11234.00
2014,Germany,Wind,Net maximum electrical capacity,Megawatt,38614.00
2014,Germany,Solar,Net maximum electrical capacity,Megawatt,37900.00
2014,Germany,Solid Biofuels,Net maximum electrical capacity,Megawatt,1589.00
2014,Estonia,Hydro,Net maximum electrical capacity,Megawatt,5.00
2014,Estonia,Wind,Net maximum electrical capacity,Megawatt,275.00
2014,Estonia,Solar,Net maximum electrical capacity,Megawatt,0.00
2014,Estonia,Solid Biofuels,Net maximum electrical capacity,Megawatt,165.00
2014,Ireland,Hydro,Net maximum electrical capacity,Megawatt,529.00
2014,Ireland,Wind,Net maximum electrical capacity,Megawatt,2283.25
2014,Ireland,Solar,Net maximum electrical capacity,Megawatt,1.63
2014,Ireland,Solid Biofuels,Net maximum electrical capacity,Megawatt,5.45
2014,Greece,Hydro,Net maximum electrical capacity,Megawatt,3389.00
2014,Greece,Wind,Net maximum electrical capacity,Megawatt,1978.00
2014,Greece,Solar,Net maximum electrical capacity,Megawatt,2596.00
2014,Greece,Solid Biofuels,Net maximum electrical capacity,Megawatt,0.00
2014,Spain,Hydro,Net maximum electrical capacity,Megawatt,19223.00
2014,Spain,Wind,Net maximum electrical capacity,Megawatt,22925.00
2014,Spain,Solar,Net maximum electrical capacity,Megawatt,7001.06
2014,Spain,Solid Biofuels,Net maximum electrical capacity,Megawatt,672.94
2014,France,Hydro,Net maximum electrical capacity,Megawatt,25577.06
2014,France,Wind,Net maximum electrical capacity,Megawatt,9201.43
2014,France,Solar,Net maximum electrical capacity,Megawatt,6034.42
2014,France,Solid Biofuels,Net maximum electrical capacity,Megawatt,460.56
2014,Croatia,Hydro,Net maximum electrical capacity,Megawatt,2180.10
2014,Croatia,Wind,Net maximum electrical capacity,Megawatt,339.00
2014,Croatia,Solar,Net maximum electrical capacity,Megawatt,33.00
2014,Croatia,Solid Biofuels,Net maximum electrical capacity,Megawatt,8.00
2014,Italy,Hydro,Net maximum electrical capacity,Megawatt,22098.00
2014,Italy,Wind,Net maximum electrical capacity,Megawatt,8683.00
2014,Italy,Solar,Net maximum electrical capacity,Megawatt,18594.00
2014,Italy,Solid Biofuels,Net maximum electrical capacity,Megawatt,620.00
2014,Cyprus,Hydro,Net maximum electrical capacity,Megawatt,0.00
2014,Cyprus,Wind,Net maximum electrical capacity,Megawatt,147.23
2014,Cyprus,Solar,Net maximum electrical capacity,Megawatt,64.00
2014,Cyprus,Solid Biofuels,Net maximum electrical capacity,Megawatt,0.00
2014,Latvia,Hydro,Net maximum electrical capacity,Megawatt,1587.80
2014,Latvia,Wind,Net maximum electrical capacity,Megawatt,68.92
2014,Latvia,Solar,Net maximum electrical capacity,Megawatt,0.00
2014,Latvia,Solid Biofuels,Net maximum electrical capacity,Megawatt,63.00
2014,Lithuania,Hydro,Net maximum electrical capacity,Megawatt,877.00
2014,Lithuania,Wind,Net maximum electrical capacity,Megawatt,288.00
2014,Lithuania,Solar,Net maximum electrical capacity,Megawatt,69.00
2014,Lithuania,Solid Biofuels,Net maximum electrical capacity,Megawatt,46.00
2014,Luxembourg,Hydro,Net maximum electrical capacity,Megawatt,1330.31
2014,Luxembourg,Wind,Net maximum electrical capacity,Megawatt,58.34
2014,Luxembourg,Solar,Net maximum electrical capacity,Megawatt,109.93
2014,Luxembourg,Solid Biofuels,Net maximum electrical capacity,Megawatt,3.75
2014,Hungary,Hydro,Net maximum electrical capacity,Megawatt,57.00
2014,Hungary,Wind,Net maximum electrical capacity,Megawatt,329.00
2014,Hungary,Solar,Net maximum electrical capacity,Megawatt,89.00
2014,Hungary,Solid Biofuels,Net maximum electrical capacity,Megawatt,467.00
2014,Malta,Hydro,Net maximum electrical capacity,Megawatt,0.00
2014,Malta,Wind,Net maximum electrical capacity,Megawatt,0.10
2014,Malta,Solar,Net maximum electrical capacity,Megawatt,54.60
2014,Malta,Solid Biofuels,Net maximum electrical capacity,Megawatt,0.00
2014,Netherlands,Hydro,Net maximum electrical capacity,Megawatt,37.00
2014,Netherlands,Wind,Net maximum electrical capacity,Megawatt,2865.00
2014,Netherlands,Solar,Net maximum electrical capacity,Megawatt,1007.00
2014,Netherlands,Solid Biofuels,Net maximum electrical capacity,Megawatt,190.19
2014,Austria,Hydro,Net maximum electrical capacity,Megawatt,13532.25
2014,Austria,Wind,Net maximum electrical capacity,Megawatt,2110.28
2014,Austria,Solar,Net maximum electrical capacity,Megawatt,785.25
2014,Austria,Solid Biofuels,Net maximum electrical capacity,Megawatt,958.88
2014,Poland,Hydro,Net maximum electrical capacity,Megawatt,2364.00
2014,Poland,Wind,Net maximum electrical capacity,Megawatt,3836.00
2014,Poland,Solar,Net maximum electrical capacity,Megawatt,27.15
2014,Poland,Solid Biofuels,Net maximum electrical capacity,Megawatt,629.00
2014,Portugal,Hydro,Net maximum electrical capacity,Megawatt,5715.00
2014,Portugal,Wind,Net maximum electrical capacity,Megawatt,4856.56
2014,Portugal,Solar,Net maximum electrical capacity,Megawatt,415.00
2014,Portugal,Solid Biofuels,Net maximum electrical capacity,Megawatt,456.00
2014,Romania,Hydro,Net maximum electrical capacity,Megawatt,6613.00
2014,Romania,Wind,Net maximum electrical capacity,Megawatt,3244.00
2014,Romania,Solar,Net maximum electrical capacity,Megawatt,1293.00
2014,Romania,Solid Biofuels,Net maximum electrical capacity,Megawatt,79.00
2014,Slovenia,Hydro,Net maximum electrical capacity,Megawatt,1296.00
2014,Slovenia,Wind,Net maximum electrical capacity,Megawatt,3.00
2014,Slovenia,Solar,Net maximum electrical capacity,Megawatt,223.00
2014,Slovenia,Solid Biofuels,Net maximum electrical capacity,Megawatt,30.00
2014,Slovakia,Hydro,Net maximum electrical capacity,Megawatt,2523.00
2014,Slovakia,Wind,Net maximum electrical capacity,Megawatt,3.00
2014,Slovakia,Solar,Net maximum electrical capacity,Megawatt,533.00
2014,Slovakia,Solid Biofuels,Net maximum electrical capacity,Megawatt,153.00
2014,Finland,Hydro,Net maximum electrical capacity,Megawatt,3132.00
2014,Finland,Wind,Net maximum electrical capacity,Megawatt,627.00
2014,Finland,Solar,Net maximum electrical capacity,Megawatt,11.00
2014,Finland,Solid Biofuels,Net maximum electrical capacity,Megawatt,1751.00
2014,Sweden,Hydro,Net maximum electrical capacity,Megawatt,15996.00
2014,Sweden,Wind,Net maximum electrical capacity,Megawatt,5088.00
2014,Sweden,Solar,Net maximum electrical capacity,Megawatt,60.00
2014,Sweden,Solid Biofuels,Net maximum electrical capacity,Megawatt,3729.00
2014,United Kingdom,Hydro,Net maximum electrical capacity,Megawatt,4474.00
2014,United Kingdom,Wind,Net maximum electrical capacity,Megawatt,13073.95
2014,United Kingdom,Solar,Net maximum electrical capacity,Megawatt,5528.00
2014,United Kingdom,Solid Biofuels,Net maximum electrical capacity,Megawatt,2383.00
2015,European Union - 27 countries (from 2020),Hydro,Net maximum electrical capacity,Megawatt,148195.42
2015,European Union - 27 countries (from 2020),Wind,Net maximum electrical capacity,Megawatt,127168.64
2015,European Union - 27 countries (from 2020),Solar,Net maximum electrical capacity,Megawatt,87686.29
2015,European Union - 27 countries (from 2020),Solid Biofuels,Net maximum electrical capacity,Megawatt,14213.65
2015,Euro area - 19 countries  (from 2015),Hydro,Net maximum electrical capacity,Megawatt,115028.45
2015,Euro area - 19 countries  (from 2015),Wind,Net maximum electrical capacity,Megawatt,106529.68
2015,Euro area - 19 countries  (from 2015),Solar,Net maximum electrical capacity,Megawatt,82042.70
2015,Euro area - 19 countries  (from 2015),Solid Biofuels,Net maximum electrical capacity,Megawatt,7838.24
2015,Belgium,Hydro,Net maximum electrical capacity,Megawatt,1422.00
2015,Belgium,Wind,Net maximum electrical capacity,Megawatt,2176.00
2015,Belgium,Solar,Net maximum electrical capacity,Megawatt,3131.60
2015,Belgium,Solid Biofuels,Net maximum electrical capacity,Megawatt,591.30
2015,Bulgaria,Hydro,Net maximum electrical capacity,Megawatt,3219.00
2015,Bulgaria,Wind,Net maximum electrical capacity,Megawatt,699.00
2015,Bulgaria,Solar,Net maximum electrical capacity,Megawatt,1029.00
2015,Bulgaria,Solid Biofuels,Net maximum electrical capacity,Megawatt,34.00
2015,Czechia,Hydro,Net maximum electrical capacity,Megawatt,2260.00
2015,Czechia,Wind,Net maximum electrical capacity,Megawatt,281.00
2015,Czechia,Solar,Net maximum electrical capacity,Megawatt,2074.90
2015,Czechia,Solid Biofuels,Net maximum electrical capacity,Megawatt,380.00
2015,Denmark,Hydro,Net maximum electrical capacity,Megawatt,6.88
2015,Denmark,Wind,Net maximum electrical capacity,Megawatt,5076.97
2015,Denmark,Solar,Net maximum electrical capacity,Megawatt,782.11
2015,Denmark,Solid Biofuels,Net maximum electrical capacity,Megawatt,973.41
2015,Germany,Hydro,Net maximum electrical capacity,Megawatt,11255.00
2015,Germany,Wind,Net maximum electrical capacity,Megawatt,44580.00
2015,Germany,Solar,Net maximum electrical capacity,Megawatt,39224.00
2015,Germany,Solid Biofuels,Net maximum electrical capacity,Megawatt,1592.00
2015,Estonia,Hydro,Net maximum electrical capacity,Megawatt,6.00
2015,Estonia,Wind,Net maximum electrical capacity,Megawatt,300.00
2015,Estonia,Solar,Net maximum electrical capacity,Megawatt,0.00
2015,Estonia,Solid Biofuels,Net maximum electrical capacity,Megawatt,165.00
2015,Ireland,Hydro,Net maximum electrical capacity,Megawatt,529.00
2015,Ireland,Wind,Net maximum electrical capacity,Megawatt,2451.15
2015,Ireland,Solar,Net maximum electrical capacity,Megawatt,2.35
2015,Ireland,Solid Biofuels,Net maximum electrical capacity,Megawatt,5.45
2015,Greece,Hydro,Net maximum electrical capacity,Megawatt,3392.00
2015,Greece,Wind,Net maximum electrical capacity,Megawatt,2091.00
2015,Greece,Solar,Net maximum electrical capacity,Megawatt,2604.00
2015,Greece,Solid Biofuels,Net maximum electrical capacity,Megawatt,2.00
2015,Spain,Hydro,Net maximum electrical capacity,Megawatt,20053.00
2015,Spain,Wind,Net maximum electrical capacity,Megawatt,22943.00
2015,Spain,Solar,Net maximum electrical capacity,Megawatt,7008.06
2015,Spain,Solid Biofuels,Net maximum electrical capacity,Megawatt,672.44
2015,France,Hydro,Net maximum electrical capacity,Megawatt,25551.83
2015,France,Wind,Net maximum electrical capacity,Megawatt,10298.18
2015,France,Solar,Net maximum electrical capacity,Megawatt,7137.52
2015,France,Solid Biofuels,Net maximum electrical capacity,Megawatt,525.51
2015,Croatia,Hydro,Net maximum electrical capacity,Megawatt,2195.10
2015,Croatia,Wind,Net maximum electrical capacity,Megawatt,418.00
2015,Croatia,Solar,Net maximum electrical capacity,Megawatt,47.80
2015,Croatia,Solid Biofuels,Net maximum electrical capacity,Megawatt,25.00
2015,Italy,Hydro,Net maximum electrical capacity,Megawatt,22220.00
2015,Italy,Wind,Net maximum electrical capacity,Megawatt,9137.00
2015,Italy,Solar,Net maximum electrical capacity,Megawatt,18901.00
2015,Italy,Solid Biofuels,Net maximum electrical capacity,Megawatt,616.00
2015,Cyprus,Hydro,Net maximum electrical capacity,Megawatt,0.00
2015,Cyprus,Wind,Net maximum electrical capacity,Megawatt,157.73
2015,Cyprus,Solar,Net maximum electrical capacity,Megawatt,76.00
2015,Cyprus,Solid Biofuels,Net maximum electrical capacity,Megawatt,0.00
2015,Latvia,Hydro,Net maximum electrical capacity,Megawatt,1587.69
2015,Latvia,Wind,Net maximum electrical capacity,Megawatt,68.17
2015,Latvia,Solar,Net maximum electrical capacity,Megawatt,0.00
2015,Latvia,Solid Biofuels,Net maximum electrical capacity,Megawatt,66.00
2015,Lithuania,Hydro,Net maximum electrical capacity,Megawatt,877.00
2015,Lithuania,Wind,Net maximum electrical capacity,Megawatt,436.00
2015,Lithuania,Solar,Net maximum electrical capacity,Megawatt,69.00
2015,Lithuania,Solid Biofuels,Net maximum electrical capacity,Megawatt,45.00
2015,Luxembourg,Hydro,Net maximum electrical capacity,Megawatt,1330.27
2015,Luxembourg,Wind,Net maximum electrical capacity,Megawatt,63.79
2015,Luxembourg,Solar,Net maximum electrical capacity,Megawatt,116.27
2015,Luxembourg,Solid Biofuels,Net maximum electrical capacity,Megawatt,3.92
2015,Hungary,Hydro,Net maximum electrical capacity,Megawatt,57.00
2015,Hungary,Wind,Net maximum electrical capacity,Megawatt,329.00
2015,Hungary,Solar,Net maximum electrical capacity,Megawatt,172.00
2015,Hungary,Solid Biofuels,Net maximum electrical capacity,Megawatt,422.00
2015,Malta,Hydro,Net maximum electrical capacity,Megawatt,0.00
2015,Malta,Wind,Net maximum electrical capacity,Megawatt,0.10
2015,Malta,Solar,Net maximum electrical capacity,Megawatt,74.80
2015,Malta,Solid Biofuels,Net maximum electrical capacity,Megawatt,0.00
2015,Netherlands,Hydro,Net maximum electrical capacity,Megawatt,37.00
2015,Netherlands,Wind,Net maximum electrical capacity,Megawatt,3391.00
2015,Netherlands,Solar,Net maximum electrical capacity,Megawatt,1526.00
2015,Netherlands,Solid Biofuels,Net maximum electrical capacity,Megawatt,218.00
2015,Austria,Hydro,Net maximum electrical capacity,Megawatt,13649.66
2015,Austria,Wind,Net maximum electrical capacity,Megawatt,2488.73
2015,Austria,Solar,Net maximum electrical capacity,Megawatt,937.10
2015,Austria,Solid Biofuels,Net maximum electrical capacity,Megawatt,938.62
2015,Poland,Hydro,Net maximum electrical capacity,Megawatt,2370.00
2015,Poland,Wind,Net maximum electrical capacity,Megawatt,4886.00
2015,Poland,Solar,Net maximum electrical capacity,Megawatt,107.78
2015,Poland,Solid Biofuels,Net maximum electrical capacity,Megawatt,737.00
2015,Portugal,Hydro,Net maximum electrical capacity,Megawatt,6168.00
2015,Portugal,Wind,Net maximum electrical capacity,Megawatt,4936.84
2015,Portugal,Solar,Net maximum electrical capacity,Megawatt,447.00
2015,Portugal,Solid Biofuels,Net maximum electrical capacity,Megawatt,471.00
2015,Romania,Hydro,Net maximum electrical capacity,Megawatt,6730.00
2015,Romania,Wind,Net maximum electrical capacity,Megawatt,3130.00
2015,Romania,Solar,Net maximum electrical capacity,Megawatt,1326.00
2015,Romania,Solid Biofuels,Net maximum electrical capacity,Megawatt,104.00
2015,Slovenia,Hydro,Net maximum electrical capacity,Megawatt,1295.00
2015,Slovenia,Wind,Net maximum electrical capacity,Megawatt,3.00
2015,Slovenia,Solar,Net maximum electrical capacity,Megawatt,238.00
2015,Slovenia,Solid Biofuels,Net maximum electrical capacity,Megawatt,30.00
2015,Slovakia,Hydro,Net maximum electrical capacity,Megawatt,2522.00
2015,Slovakia,Wind,Net maximum electrical capacity,Megawatt,3.00
2015,Slovakia,Solar,Net maximum electrical capacity,Megawatt,533.00
2015,Slovakia,Solid Biofuels,Net maximum electrical capacity,Megawatt,145.00
2015,Finland,Hydro,Net maximum electrical capacity,Megawatt,3133.00
2015,Finland,Wind,Net maximum electrical capacity,Megawatt,1005.00
2015,Finland,Solar,Net maximum electrical capacity,Megawatt,17.00
2015,Finland,Solid Biofuels,Net maximum electrical capacity,Megawatt,1751.00
2015,Sweden,Hydro,Net maximum electrical capacity,Megawatt,16329.00
2015,Sweden,Wind,Net maximum electrical capacity,Megawatt,5819.00
2015,Sweden,Solar,Net maximum electrical capacity,Megawatt,104.00
2015,Sweden,Solid Biofuels,Net maximum electrical capacity,Megawatt,3700.00
2015,United Kingdom,Hydro,Net maximum electrical capacity,Megawatt,4676.97
2015,United Kingdom,Wind,Net maximum electrical capacity,Megawatt,14305.63
2015,United Kingdom,Solar,Net maximum electrical capacity,Megawatt,9601.22
2015,United Kingdom,Solid Biofuels,Net maximum electrical capacity,Megawatt,2714.59
2016,European Union - 27 countries (from 2020),Hydro,Net maximum electrical capacity,Megawatt,149715.15
2016,European Union - 27 countries (from 2020),Wind,Net maximum electrical capacity,Megawatt,138010.88
2016,European Union - 27 countries (from 2020),Solar,Net maximum electrical capacity,Megawatt,91498.80
2016,European Union - 27 countries (from 2020),Solid Biofuels,Net maximum electrical capacity,Megawatt,14351.84
2016,Euro area - 19 countries  (from 2015),Hydro,Net maximum electrical capacity,Megawatt,116386.78
2016,Euro area - 19 countries  (from 2015),Wind,Net maximum electrical capacity,Megawatt,115765.74
2016,Euro area - 19 countries  (from 2015),Solar,Net maximum electrical capacity,Megawatt,85548.90
2016,Euro area - 19 countries  (from 2015),Solid Biofuels,Net maximum electrical capacity,Megawatt,7974.15
2016,Belgium,Hydro,Net maximum electrical capacity,Megawatt,1419.10
2016,Belgium,Wind,Net maximum electrical capacity,Megawatt,2370.00
2016,Belgium,Solar,Net maximum electrical capacity,Megawatt,3328.80
2016,Belgium,Solid Biofuels,Net maximum electrical capacity,Megawatt,566.30
2016,Bulgaria,Hydro,Net maximum electrical capacity,Megawatt,3223.00
2016,Bulgaria,Wind,Net maximum electrical capacity,Megawatt,699.00
2016,Bulgaria,Solar,Net maximum electrical capacity,Megawatt,1028.00
2016,Bulgaria,Solid Biofuels,Net maximum electrical capacity,Megawatt,19.00
2016,Czechia,Hydro,Net maximum electrical capacity,Megawatt,2262.00
2016,Czechia,Wind,Net maximum electrical capacity,Megawatt,282.00
2016,Czechia,Solar,Net maximum electrical capacity,Megawatt,2067.90
2016,Czechia,Solid Biofuels,Net maximum electrical capacity,Megawatt,376.00
2016,Denmark,Hydro,Net maximum electrical capacity,Megawatt,9.27
2016,Denmark,Wind,Net maximum electrical capacity,Megawatt,5245.14
2016,Denmark,Solar,Net maximum electrical capacity,Megawatt,850.95
2016,Denmark,Solid Biofuels,Net maximum electrical capacity,Megawatt,1031.70
2016,Germany,Hydro,Net maximum electrical capacity,Megawatt,11207.00
2016,Germany,Wind,Net maximum electrical capacity,Megawatt,49435.00
2016,Germany,Solar,Net maximum electrical capacity,Megawatt,40679.00
2016,Germany,Solid Biofuels,Net maximum electrical capacity,Megawatt,1600.00
2016,Estonia,Hydro,Net maximum electrical capacity,Megawatt,6.00
2016,Estonia,Wind,Net maximum electrical capacity,Megawatt,310.00
2016,Estonia,Solar,Net maximum electrical capacity,Megawatt,10.00
2016,Estonia,Solid Biofuels,Net maximum electrical capacity,Megawatt,165.00
2016,Ireland,Hydro,Net maximum electrical capacity,Megawatt,529.00
2016,Ireland,Wind,Net maximum electrical capacity,Megawatt,2801.65
2016,Ireland,Solar,Net maximum electrical capacity,Megawatt,5.93
2016,Ireland,Solid Biofuels,Net maximum electrical capacity,Megawatt,5.45
2016,Greece,Hydro,Net maximum electrical capacity,Megawatt,3392.00
2016,Greece,Wind,Net maximum electrical capacity,Megawatt,2370.00
2016,Greece,Solar,Net maximum electrical capacity,Megawatt,2604.00
2016,Greece,Solid Biofuels,Net maximum electrical capacity,Megawatt,2.00
2016,Spain,Hydro,Net maximum electrical capacity,Megawatt,20080.00
2016,Spain,Wind,Net maximum electrical capacity,Megawatt,22990.00
2016,Spain,Solar,Net maximum electrical capacity,Megawatt,7017.06
2016,Spain,Solid Biofuels,Net maximum electrical capacity,Megawatt,672.44
2016,France,Hydro,Net maximum electrical capacity,Megawatt,25620.85
2016,France,Wind,Net maximum electrical capacity,Megawatt,11566.56
2016,France,Solar,Net maximum electrical capacity,Megawatt,7702.08
2016,France,Solid Biofuels,Net maximum electrical capacity,Megawatt,610.34
2016,Croatia,Hydro,Net maximum electrical capacity,Megawatt,2192.10
2016,Croatia,Wind,Net maximum electrical capacity,Megawatt,483.00
2016,Croatia,Solar,Net maximum electrical capacity,Megawatt,55.80
2016,Croatia,Solid Biofuels,Net maximum electrical capacity,Megawatt,26.00
2016,Italy,Hydro,Net maximum electrical capacity,Megawatt,22298.00
2016,Italy,Wind,Net maximum electrical capacity,Megawatt,9384.00
2016,Italy,Solar,Net maximum electrical capacity,Megawatt,19283.00
2016,Italy,Solid Biofuels,Net maximum electrical capacity,Megawatt,685.00
2016,Cyprus,Hydro,Net maximum electrical capacity,Megawatt,0.00
2016,Cyprus,Wind,Net maximum electrical capacity,Megawatt,157.73
2016,Cyprus,Solar,Net maximum electrical capacity,Megawatt,84.00
2016,Cyprus,Solid Biofuels,Net maximum electrical capacity,Megawatt,0.00
2016,Latvia,Hydro,Net maximum electrical capacity,Megawatt,1564.20
2016,Latvia,Wind,Net maximum electrical capacity,Megawatt,69.91
2016,Latvia,Solar,Net maximum electrical capacity,Megawatt,0.69
2016,Latvia,Solid Biofuels,Net maximum electrical capacity,Megawatt,81.00
2016,Lithuania,Hydro,Net maximum electrical capacity,Megawatt,877.00
2016,Lithuania,Wind,Net maximum electrical capacity,Megawatt,509.00
2016,Lithuania,Solar,Net maximum electrical capacity,Megawatt,70.00
2016,Lithuania,Solid Biofuels,Net maximum electrical capacity,Megawatt,39.00
2016,Luxembourg,Hydro,Net maximum electrical capacity,Megawatt,1330.32
2016,Luxembourg,Wind,Net maximum electrical capacity,Megawatt,119.69
2016,Luxembourg,Solar,Net maximum electrical capacity,Megawatt,121.90
2016,Luxembourg,Solid Biofuels,Net maximum electrical capacity,Megawatt,3.92
2016,Hungary,Hydro,Net maximum electrical capacity,Megawatt,57.00
2016,Hungary,Wind,Net maximum electrical capacity,Megawatt,329.00
2016,Hungary,Solar,Net maximum electrical capacity,Megawatt,235.00
2016,Hungary,Solid Biofuels,Net maximum electrical capacity,Megawatt,322.00
2016,Malta,Hydro,Net maximum electrical capacity,Megawatt,0.00
2016,Malta,Wind,Net maximum electrical capacity,Megawatt,0.10
2016,Malta,Solar,Net maximum electrical capacity,Megawatt,93.60
2016,Malta,Solid Biofuels,Net maximum electrical capacity,Megawatt,0.00
2016,Netherlands,Hydro,Net maximum electrical capacity,Megawatt,37.00
2016,Netherlands,Wind,Net maximum electrical capacity,Megawatt,4257.00
2016,Netherlands,Solar,Net maximum electrical capacity,Megawatt,2135.00
2016,Netherlands,Solid Biofuels,Net maximum electrical capacity,Megawatt,223.01
2016,Austria,Hydro,Net maximum electrical capacity,Megawatt,14116.31
2016,Austria,Wind,Net maximum electrical capacity,Megawatt,2730.00
2016,Austria,Solar,Net maximum electrical capacity,Megawatt,1096.02
2016,Austria,Solid Biofuels,Net maximum electrical capacity,Megawatt,916.70
2016,Poland,Hydro,Net maximum electrical capacity,Megawatt,2385.00
2016,Poland,Wind,Net maximum electrical capacity,Megawatt,5747.00
2016,Poland,Solar,Net maximum electrical capacity,Megawatt,187.25
2016,Poland,Solid Biofuels,Net maximum electrical capacity,Megawatt,727.00
2016,Portugal,Hydro,Net maximum electrical capacity,Megawatt,6960.00
2016,Portugal,Wind,Net maximum electrical capacity,Megawatt,5124.10
2016,Portugal,Solar,Net maximum electrical capacity,Megawatt,512.82
2016,Portugal,Solid Biofuels,Net maximum electrical capacity,Megawatt,477.00
2016,Romania,Hydro,Net maximum electrical capacity,Megawatt,6734.00
2016,Romania,Wind,Net maximum electrical capacity,Megawatt,3025.00
2016,Romania,Solar,Net maximum electrical capacity,Megawatt,1372.00
2016,Romania,Solid Biofuels,Net maximum electrical capacity,Megawatt,107.00
2016,Slovenia,Hydro,Net maximum electrical capacity,Megawatt,1293.00
2016,Slovenia,Wind,Net maximum electrical capacity,Megawatt,3.00
2016,Slovenia,Solar,Net maximum electrical capacity,Megawatt,233.00
2016,Slovenia,Solid Biofuels,Net maximum electrical capacity,Megawatt,30.00
2016,Slovakia,Hydro,Net maximum electrical capacity,Megawatt,2524.00
2016,Slovakia,Wind,Net maximum electrical capacity,Megawatt,3.00
2016,Slovakia,Solar,Net maximum electrical capacity,Megawatt,533.00
2016,Slovakia,Solid Biofuels,Net maximum electrical capacity,Megawatt,150.00
2016,Finland,Hydro,Net maximum electrical capacity,Megawatt,3133.00
2016,Finland,Wind,Net maximum electrical capacity,Megawatt,1565.00
2016,Finland,Solar,Net maximum electrical capacity,Megawatt,39.00
2016,Finland,Solid Biofuels,Net maximum electrical capacity,Megawatt,1747.00
2016,Sweden,Hydro,Net maximum electrical capacity,Megawatt,16466.00
2016,Sweden,Wind,Net maximum electrical capacity,Megawatt,6435.00
2016,Sweden,Solar,Net maximum electrical capacity,Megawatt,153.00
2016,Sweden,Solid Biofuels,Net maximum electrical capacity,Megawatt,3769.00
2016,United Kingdom,Hydro,Net maximum electrical capacity,Megawatt,4733.00
2016,United Kingdom,Wind,Net maximum electrical capacity,Megawatt,16125.94
2016,United Kingdom,Solar,Net maximum electrical capacity,Megawatt,11914.00
2016,United Kingdom,Solid Biofuels,Net maximum electrical capacity,Megawatt,2962.87
2017,European Union - 27 countries (from 2020),Hydro,Net maximum electrical capacity,Megawatt,150365.11
2017,European Union - 27 countries (from 2020),Wind,Net maximum electrical capacity,Megawatt,148920.39
2017,European Union - 27 countries (from 2020),Solar,Net maximum electrical capacity,Megawatt,96231.81
2017,European Union - 27 countries (from 2020),Solid Biofuels,Net maximum electrical capacity,Megawatt,15037.22
2017,Euro area - 19 countries  (from 2015),Hydro,Net maximum electrical capacity,Megawatt,116887.72
2017,Euro area - 19 countries  (from 2015),Wind,Net maximum electrical capacity,Megawatt,126119.59
2017,Euro area - 19 countries  (from 2015),Solar,Net maximum electrical capacity,Megawatt,89911.10
2017,Euro area - 19 countries  (from 2015),Solid Biofuels,Net maximum electrical capacity,Megawatt,8149.34
2017,Belgium,Hydro,Net maximum electrical capacity,Megawatt,1417.10
2017,Belgium,Wind,Net maximum electrical capacity,Megawatt,2787.50
2017,Belgium,Solar,Net maximum electrical capacity,Megawatt,3620.60
2017,Belgium,Solid Biofuels,Net maximum electrical capacity,Megawatt,559.20
2017,Bulgaria,Hydro,Net maximum electrical capacity,Megawatt,3371.55
2017,Bulgaria,Wind,Net maximum electrical capacity,Megawatt,698.39
2017,Bulgaria,Solar,Net maximum electrical capacity,Megawatt,1035.57
2017,Bulgaria,Solid Biofuels,Net maximum electrical capacity,Megawatt,22.97
2017,Czechia,Hydro,Net maximum electrical capacity,Megawatt,2264.70
2017,Czechia,Wind,Net maximum electrical capacity,Megawatt,308.21
2017,Czechia,Solar,Net maximum electrical capacity,Megawatt,2069.50
2017,Czechia,Solid Biofuels,Net maximum electrical capacity,Megawatt,402.00
2017,Denmark,Hydro,Net maximum electrical capacity,Megawatt,7.15
2017,Denmark,Wind,Net maximum electrical capacity,Megawatt,5488.95
2017,Denmark,Solar,Net maximum electrical capacity,Megawatt,906.35
2017,Denmark,Solid Biofuels,Net maximum electrical capacity,Megawatt,1501.26
2017,Germany,Hydro,Net maximum electrical capacity,Megawatt,11120.00
2017,Germany,Wind,Net maximum electrical capacity,Megawatt,55580.00
2017,Germany,Solar,Net maximum electrical capacity,Megawatt,42293.00
2017,Germany,Solid Biofuels,Net maximum electrical capacity,Megawatt,1601.00
2017,Estonia,Hydro,Net maximum electrical capacity,Megawatt,7.30
2017,Estonia,Wind,Net maximum electrical capacity,Megawatt,311.80
2017,Estonia,Solar,Net maximum electrical capacity,Megawatt,15.00
2017,Estonia,Solid Biofuels,Net maximum electrical capacity,Megawatt,165.00
2017,Ireland,Hydro,Net maximum electrical capacity,Megawatt,529.00
2017,Ireland,Wind,Net maximum electrical capacity,Megawatt,3319.15
2017,Ireland,Solar,Net maximum electrical capacity,Megawatt,16.81
2017,Ireland,Solid Biofuels,Net maximum electrical capacity,Megawatt,5.45
2017,Greece,Hydro,Net maximum electrical capacity,Megawatt,3392.00
2017,Greece,Wind,Net maximum electrical capacity,Megawatt,2624.00
2017,Greece,Solar,Net maximum electrical capacity,Megawatt,2605.53
2017,Greece,Solid Biofuels,Net maximum electrical capacity,Megawatt,2.56
2017,Spain,Hydro,Net maximum electrical capacity,Megawatt,20079.00
2017,Spain,Wind,Net maximum electrical capacity,Megawatt,23124.48
2017,Spain,Solar,Net maximum electrical capacity,Megawatt,7027.06
2017,Spain,Solid Biofuels,Net maximum electrical capacity,Megawatt,672.44
2017,France,Hydro,Net maximum electrical capacity,Megawatt,25706.94
2017,France,Wind,Net maximum electrical capacity,Megawatt,13499.36
2017,France,Solar,Net maximum electrical capacity,Megawatt,8610.44
2017,France,Solid Biofuels,Net maximum electrical capacity,Megawatt,623.04
2017,Croatia,Hydro,Net maximum electrical capacity,Megawatt,2193.00
2017,Croatia,Wind,Net maximum electrical capacity,Megawatt,576.10
2017,Croatia,Solar,Net maximum electrical capacity,Megawatt,60.00
2017,Croatia,Solid Biofuels,Net maximum electrical capacity,Megawatt,42.00
2017,Italy,Hydro,Net maximum electrical capacity,Megawatt,22426.02
2017,Italy,Wind,Net maximum electrical capacity,Megawatt,9736.58
2017,Italy,Solar,Net maximum electrical capacity,Megawatt,19682.29
2017,Italy,Solid Biofuels,Net maximum electrical capacity,Megawatt,684.11
2017,Cyprus,Hydro,Net maximum electrical capacity,Megawatt,0.00
2017,Cyprus,Wind,Net maximum electrical capacity,Megawatt,157.73
2017,Cyprus,Solar,Net maximum electrical capacity,Megawatt,110.05
2017,Cyprus,Solid Biofuels,Net maximum electrical capacity,Megawatt,0.00
2017,Latvia,Hydro,Net maximum electrical capacity,Megawatt,1564.32
2017,Latvia,Wind,Net maximum electrical capacity,Megawatt,77.11
2017,Latvia,Solar,Net maximum electrical capacity,Megawatt,0.69
2017,Latvia,Solid Biofuels,Net maximum electrical capacity,Megawatt,93.74
2017,Lithuania,Hydro,Net maximum electrical capacity,Megawatt,877.00
2017,Lithuania,Wind,Net maximum electrical capacity,Megawatt,518.00
2017,Lithuania,Solar,Net maximum electrical capacity,Megawatt,73.75
2017,Lithuania,Solid Biofuels,Net maximum electrical capacity,Megawatt,45.00
2017,Luxembourg,Hydro,Net maximum electrical capacity,Megawatt,1330.55
2017,Luxembourg,Wind,Net maximum electrical capacity,Megawatt,119.69
2017,Luxembourg,Solar,Net maximum electrical capacity,Megawatt,128.10
2017,Luxembourg,Solid Biofuels,Net maximum electrical capacity,Megawatt,14.82
2017,Hungary,Hydro,Net maximum electrical capacity,Megawatt,57.00
2017,Hungary,Wind,Net maximum electrical capacity,Megawatt,329.00
2017,Hungary,Solar,Net maximum electrical capacity,Megawatt,344.00
2017,Hungary,Solid Biofuels,Net maximum electrical capacity,Megawatt,386.00
2017,Malta,Hydro,Net maximum electrical capacity,Megawatt,0.00
2017,Malta,Wind,Net maximum electrical capacity,Megawatt,0.10
2017,Malta,Solar,Net maximum electrical capacity,Megawatt,111.76
2017,Malta,Solid Biofuels,Net maximum electrical capacity,Megawatt,0.00
2017,Netherlands,Hydro,Net maximum electrical capacity,Megawatt,37.00
2017,Netherlands,Wind,Net maximum electrical capacity,Megawatt,4202.00
2017,Netherlands,Solar,Net maximum electrical capacity,Megawatt,2911.00
2017,Netherlands,Solid Biofuels,Net maximum electrical capacity,Megawatt,226.00
2017,Austria,Hydro,Net maximum electrical capacity,Megawatt,14149.95
2017,Austria,Wind,Net maximum electrical capacity,Megawatt,2886.70
2017,Austria,Solar,Net maximum electrical capacity,Megawatt,1268.97
2017,Austria,Solid Biofuels,Net maximum electrical capacity,Megawatt,837.77
2017,Poland,Hydro,Net maximum electrical capacity,Megawatt,2390.06
2017,Poland,Wind,Net maximum electrical capacity,Megawatt,5759.36
2017,Poland,Solar,Net maximum electrical capacity,Megawatt,287.09
2017,Poland,Solid Biofuels,Net maximum electrical capacity,Megawatt,708.77
2017,Portugal,Hydro,Net maximum electrical capacity,Megawatt,7225.92
2017,Portugal,Wind,Net maximum electrical capacity,Megawatt,5124.11
2017,Portugal,Solar,Net maximum electrical capacity,Megawatt,579.24
2017,Portugal,Solid Biofuels,Net maximum electrical capacity,Megawatt,471.21
2017,Romania,Hydro,Net maximum electrical capacity,Megawatt,6691.93
2017,Romania,Wind,Net maximum electrical capacity,Megawatt,3029.80
2017,Romania,Solar,Net maximum electrical capacity,Megawatt,1374.20
2017,Romania,Solid Biofuels,Net maximum electrical capacity,Megawatt,118.88
2017,Slovenia,Hydro,Net maximum electrical capacity,Megawatt,1346.63
2017,Slovenia,Wind,Net maximum electrical capacity,Megawatt,3.30
2017,Slovenia,Solar,Net maximum electrical capacity,Megawatt,246.80
2017,Slovenia,Solid Biofuels,Net maximum electrical capacity,Megawatt,33.00
2017,Slovakia,Hydro,Net maximum electrical capacity,Megawatt,2523.00
2017,Slovakia,Wind,Net maximum electrical capacity,Megawatt,4.00
2017,Slovakia,Solar,Net maximum electrical capacity,Megawatt,528.00
2017,Slovakia,Solid Biofuels,Net maximum electrical capacity,Megawatt,149.00
2017,Finland,Hydro,Net maximum electrical capacity,Megawatt,3156.00
2017,Finland,Wind,Net maximum electrical capacity,Megawatt,2044.00
2017,Finland,Solar,Net maximum electrical capacity,Megawatt,82.00
2017,Finland,Solid Biofuels,Net maximum electrical capacity,Megawatt,1966.00
2017,Sweden,Hydro,Net maximum electrical capacity,Megawatt,16502.00
2017,Sweden,Wind,Net maximum electrical capacity,Megawatt,6611.00
2017,Sweden,Solar,Net maximum electrical capacity,Megawatt,244.00
2017,Sweden,Solid Biofuels,Net maximum electrical capacity,Megawatt,3706.00
2017,United Kingdom,Hydro,Net maximum electrical capacity,Megawatt,4772.91
2017,United Kingdom,Wind,Net maximum electrical capacity,Megawatt,19585.00
2017,United Kingdom,Solar,Net maximum electrical capacity,Megawatt,12760.00
2017,United Kingdom,Solid Biofuels,Net maximum electrical capacity,Megawatt,3149.51
2018,European Union - 27 countries (from 2020),Hydro,Net maximum electrical capacity,Megawatt,150366.75
2018,European Union - 27 countries (from 2020),Wind,Net maximum electrical capacity,Megawatt,157166.76
2018,European Union - 27 countries (from 2020),Solar,Net maximum electrical capacity,Megawatt,104052.25
2018,European Union - 27 countries (from 2020),Solid Biofuels,Net maximum electrical capacity,Megawatt,15558.12
2018,Euro area - 19 countries  (from 2015),Hydro,Net maximum electrical capacity,Megawatt,116937.16
2018,Euro area - 19 countries  (from 2015),Wind,Net maximum electrical capacity,Megawatt,133022.96
2018,Euro area - 19 countries  (from 2015),Solar,Net maximum electrical capacity,Megawatt,96774.91
2018,Euro area - 19 countries  (from 2015),Solid Biofuels,Net maximum electrical capacity,Megawatt,8404.20
2018,Belgium,Hydro,Net maximum electrical capacity,Megawatt,1417.80
2018,Belgium,Wind,Net maximum electrical capacity,Megawatt,3267.90
2018,Belgium,Solar,Net maximum electrical capacity,Megawatt,4000.00
2018,Belgium,Solid Biofuels,Net maximum electrical capacity,Megawatt,526.30
2018,Bulgaria,Hydro,Net maximum electrical capacity,Megawatt,3379.00
2018,Bulgaria,Wind,Net maximum electrical capacity,Megawatt,698.92
2018,Bulgaria,Solar,Net maximum electrical capacity,Megawatt,1032.68
2018,Bulgaria,Solid Biofuels,Net maximum electrical capacity,Megawatt,33.02
2018,Czechia,Hydro,Net maximum electrical capacity,Megawatt,2264.02
2018,Czechia,Wind,Net maximum electrical capacity,Megawatt,316.20
2018,Czechia,Solar,Net maximum electrical capacity,Megawatt,2075.07
2018,Czechia,Solid Biofuels,Net maximum electrical capacity,Megawatt,385.00
2018,Denmark,Hydro,Net maximum electrical capacity,Megawatt,7.15
2018,Denmark,Wind,Net maximum electrical capacity,Megawatt,6115.05
2018,Denmark,Solar,Net maximum electrical capacity,Megawatt,998.00
2018,Denmark,Solid Biofuels,Net maximum electrical capacity,Megawatt,1484.66
2018,Germany,Hydro,Net maximum electrical capacity,Megawatt,10684.00
2018,Germany,Wind,Net maximum electrical capacity,Megawatt,58721.00
2018,Germany,Solar,Net maximum electrical capacity,Megawatt,45158.00
2018,Germany,Solid Biofuels,Net maximum electrical capacity,Megawatt,1585.00
2018,Estonia,Hydro,Net maximum electrical capacity,Megawatt,7.30
2018,Estonia,Wind,Net maximum electrical capacity,Megawatt,310.00
2018,Estonia,Solar,Net maximum electrical capacity,Megawatt,31.90
2018,Estonia,Solid Biofuels,Net maximum electrical capacity,Megawatt,165.00
2018,Ireland,Hydro,Net maximum electrical capacity,Megawatt,529.00
2018,Ireland,Wind,Net maximum electrical capacity,Megawatt,3673.85
2018,Ireland,Solar,Net maximum electrical capacity,Megawatt,31.57
2018,Ireland,Solid Biofuels,Net maximum electrical capacity,Megawatt,5.45
2018,Greece,Hydro,Net maximum electrical capacity,Megawatt,3409.00
2018,Greece,Wind,Net maximum electrical capacity,Megawatt,2877.50
2018,Greece,Solar,Net maximum electrical capacity,Megawatt,2651.57
2018,Greece,Solid Biofuels,Net maximum electrical capacity,Megawatt,11.88
2018,Spain,Hydro,Net maximum electrical capacity,Megawatt,20079.57
2018,Spain,Wind,Net maximum electrical capacity,Megawatt,23405.06
2018,Spain,Solar,Net maximum electrical capacity,Megawatt,7067.67
2018,Spain,Solid Biofuels,Net maximum electrical capacity,Megawatt,672.44
2018,France,Hydro,Net maximum electrical capacity,Megawatt,25726.94
2018,France,Wind,Net maximum electrical capacity,Megawatt,14900.15
2018,France,Solar,Net maximum electrical capacity,Megawatt,9672.30
2018,France,Solid Biofuels,Net maximum electrical capacity,Megawatt,826.97
2018,Croatia,Hydro,Net maximum electrical capacity,Megawatt,2199.50
2018,Croatia,Wind,Net maximum electrical capacity,Megawatt,586.30
2018,Croatia,Solar,Net maximum electrical capacity,Megawatt,67.70
2018,Croatia,Solid Biofuels,Net maximum electrical capacity,Megawatt,64.80
2018,Italy,Hydro,Net maximum electrical capacity,Megawatt,22498.59
2018,Italy,Wind,Net maximum electrical capacity,Megawatt,10230.25
2018,Italy,Solar,Net maximum electrical capacity,Megawatt,20107.59
2018,Italy,Solid Biofuels,Net maximum electrical capacity,Megawatt,733.21
2018,Cyprus,Hydro,Net maximum electrical capacity,Megawatt,0.00
2018,Cyprus,Wind,Net maximum electrical capacity,Megawatt,157.73
2018,Cyprus,Solar,Net maximum electrical capacity,Megawatt,118.48
2018,Cyprus,Solid Biofuels,Net maximum electrical capacity,Megawatt,0.00
2018,Latvia,Hydro,Net maximum electrical capacity,Megawatt,1564.99
2018,Latvia,Wind,Net maximum electrical capacity,Megawatt,78.17
2018,Latvia,Solar,Net maximum electrical capacity,Megawatt,1.96
2018,Latvia,Solid Biofuels,Net maximum electrical capacity,Megawatt,72.61
2018,Lithuania,Hydro,Net maximum electrical capacity,Megawatt,877.00
2018,Lithuania,Wind,Net maximum electrical capacity,Megawatt,533.00
2018,Lithuania,Solar,Net maximum electrical capacity,Megawatt,82.00
2018,Lithuania,Solid Biofuels,Net maximum electrical capacity,Megawatt,62.00
2018,Luxembourg,Hydro,Net maximum electrical capacity,Megawatt,1330.47
2018,Luxembourg,Wind,Net maximum electrical capacity,Megawatt,122.89
2018,Luxembourg,Solar,Net maximum electrical capacity,Megawatt,130.62
2018,Luxembourg,Solid Biofuels,Net maximum electrical capacity,Megawatt,15.15
2018,Hungary,Hydro,Net maximum electrical capacity,Megawatt,57.00
2018,Hungary,Wind,Net maximum electrical capacity,Megawatt,329.00
2018,Hungary,Solar,Net maximum electrical capacity,Megawatt,728.00
2018,Hungary,Solid Biofuels,Net maximum electrical capacity,Megawatt,414.00
2018,Malta,Hydro,Net maximum electrical capacity,Megawatt,0.00
2018,Malta,Wind,Net maximum electrical capacity,Megawatt,0.10
2018,Malta,Solar,Net maximum electrical capacity,Megawatt,131.89
2018,Malta,Solid Biofuels,Net maximum electrical capacity,Megawatt,0.00
2018,Netherlands,Hydro,Net maximum electrical capacity,Megawatt,37.00
2018,Netherlands,Wind,Net maximum electrical capacity,Megawatt,4393.00
2018,Netherlands,Solar,Net maximum electrical capacity,Megawatt,4608.00
2018,Netherlands,Solid Biofuels,Net maximum electrical capacity,Megawatt,222.00
2018,Austria,Hydro,Net maximum electrical capacity,Megawatt,14516.25
2018,Austria,Wind,Net maximum electrical capacity,Megawatt,3132.71
2018,Austria,Solar,Net maximum electrical capacity,Megawatt,1455.13
2018,Austria,Solid Biofuels,Net maximum electrical capacity,Megawatt,824.25
2018,Poland,Hydro,Net maximum electrical capacity,Megawatt,2391.27
2018,Poland,Wind,Net maximum electrical capacity,Megawatt,5766.08
2018,Poland,Solar,Net maximum electrical capacity,Megawatt,561.98
2018,Poland,Solid Biofuels,Net maximum electrical capacity,Megawatt,735.16
2018,Portugal,Hydro,Net maximum electrical capacity,Megawatt,7235.83
2018,Portugal,Wind,Net maximum electrical capacity,Megawatt,5172.36
2018,Portugal,Solar,Net maximum electrical capacity,Megawatt,667.43
2018,Portugal,Solid Biofuels,Net maximum electrical capacity,Megawatt,535.93
2018,Romania,Hydro,Net maximum electrical capacity,Megawatt,6700.65
2018,Romania,Wind,Net maximum electrical capacity,Megawatt,3032.26
2018,Romania,Solar,Net maximum electrical capacity,Megawatt,1385.91
2018,Romania,Solid Biofuels,Net maximum electrical capacity,Megawatt,119.28
2018,Slovenia,Hydro,Net maximum electrical capacity,Megawatt,1343.43
2018,Slovenia,Wind,Net maximum electrical capacity,Megawatt,3.30
2018,Slovenia,Solar,Net maximum electrical capacity,Megawatt,246.80
2018,Slovenia,Solid Biofuels,Net maximum electrical capacity,Megawatt,32.00
2018,Slovakia,Hydro,Net maximum electrical capacity,Megawatt,2528.00
2018,Slovakia,Wind,Net maximum electrical capacity,Megawatt,3.00
2018,Slovakia,Solar,Net maximum electrical capacity,Megawatt,472.00
2018,Slovakia,Solid Biofuels,Net maximum electrical capacity,Megawatt,148.00
2018,Finland,Hydro,Net maximum electrical capacity,Megawatt,3152.00
2018,Finland,Wind,Net maximum electrical capacity,Megawatt,2041.00
2018,Finland,Solar,Net maximum electrical capacity,Megawatt,140.00
2018,Finland,Solid Biofuels,Net maximum electrical capacity,Megawatt,1966.00
2018,Sweden,Hydro,Net maximum electrical capacity,Megawatt,16431.00
2018,Sweden,Wind,Net maximum electrical capacity,Megawatt,7300.00
2018,Sweden,Solar,Net maximum electrical capacity,Megawatt,428.00
2018,Sweden,Solid Biofuels,Net maximum electrical capacity,Megawatt,3918.00
2018,United Kingdom,Hydro,Net maximum electrical capacity,Megawatt,4773.00
2018,United Kingdom,Wind,Net maximum electrical capacity,Megawatt,21767.22
2018,United Kingdom,Solar,Net maximum electrical capacity,Megawatt,13073.00
2018,United Kingdom,Solid Biofuels,Net maximum electrical capacity,Megawatt,4592.59
2019,European Union - 27 countries (from 2020),Hydro,Net maximum electrical capacity,Megawatt,150796.15
2019,European Union - 27 countries (from 2020),Wind,Net maximum electrical capacity,Megawatt,167162.15
2019,European Union - 27 countries (from 2020),Solar,Net maximum electrical capacity,Megawatt,120221.82
2019,European Union - 27 countries (from 2020),Solid Biofuels,Net maximum electrical capacity,Megawatt,15749.93
2019,Euro area - 19 countries  (from 2015),Hydro,Net maximum electrical capacity,Megawatt,117342.41
2019,Euro area - 19 countries  (from 2015),Wind,Net maximum electrical capacity,Megawatt,141491.10
2019,Euro area - 19 countries  (from 2015),Solar,Net maximum electrical capacity,Megawatt,110871.59
2019,Euro area - 19 countries  (from 2015),Solid Biofuels,Net maximum electrical capacity,Megawatt,8629.11
2019,Belgium,Hydro,Net maximum electrical capacity,Megawatt,1414.10
2019,Belgium,Wind,Net maximum electrical capacity,Megawatt,3863.40
2019,Belgium,Solar,Net maximum electrical capacity,Megawatt,4636.60
2019,Belgium,Solid Biofuels,Net maximum electrical capacity,Megawatt,539.20
2019,Bulgaria,Hydro,Net maximum electrical capacity,Megawatt,3378.35
2019,Bulgaria,Wind,Net maximum electrical capacity,Megawatt,703.12
2019,Bulgaria,Solar,Net maximum electrical capacity,Megawatt,1047.95
2019,Bulgaria,Solid Biofuels,Net maximum electrical capacity,Megawatt,23.51
2019,Czechia,Hydro,Net maximum electrical capacity,Megawatt,2265.21
2019,Czechia,Wind,Net maximum electrical capacity,Megawatt,339.41
2019,Czechia,Solar,Net maximum electrical capacity,Megawatt,2086.42
2019,Czechia,Solid Biofuels,Net maximum electrical capacity,Megawatt,434.00
2019,Denmark,Hydro,Net maximum electrical capacity,Megawatt,7.26
2019,Denmark,Wind,Net maximum electrical capacity,Megawatt,6102.94
2019,Denmark,Solar,Net maximum electrical capacity,Megawatt,1080.00
2019,Denmark,Solid Biofuels,Net maximum electrical capacity,Megawatt,1501.26
2019,Germany,Hydro,Net maximum electrical capacity,Megawatt,10733.00
2019,Germany,Wind,Net maximum electrical capacity,Megawatt,60742.00
2019,Germany,Solar,Net maximum electrical capacity,Megawatt,48914.00
2019,Germany,Solid Biofuels,Net maximum electrical capacity,Megawatt,1598.00
2019,Estonia,Hydro,Net maximum electrical capacity,Megawatt,6.00
2019,Estonia,Wind,Net maximum electrical capacity,Megawatt,316.00
2019,Estonia,Solar,Net maximum electrical capacity,Megawatt,120.60
2019,Estonia,Solid Biofuels,Net maximum electrical capacity,Megawatt,180.00
2019,Ireland,Hydro,Net maximum electrical capacity,Megawatt,529.00
2019,Ireland,Wind,Net maximum electrical capacity,Megawatt,4126.45
2019,Ireland,Solar,Net maximum electrical capacity,Megawatt,58.31
2019,Ireland,Solid Biofuels,Net maximum electrical capacity,Megawatt,6.65
2019,Greece,Hydro,Net maximum electrical capacity,Megawatt,3412.00
2019,Greece,Wind,Net maximum electrical capacity,Megawatt,3589.00
2019,Greece,Solar,Net maximum electrical capacity,Megawatt,2833.79
2019,Greece,Solid Biofuels,Net maximum electrical capacity,Megawatt,13.11
2019,Spain,Hydro,Net maximum electrical capacity,Megawatt,20113.67
2019,Spain,Wind,Net maximum electrical capacity,Megawatt,25590.08
2019,Spain,Solar,Net maximum electrical capacity,Megawatt,11143.27
2019,Spain,Solid Biofuels,Net maximum electrical capacity,Megawatt,718.44
2019,France,Hydro,Net maximum electrical capacity,Megawatt,25868.59
2019,France,Wind,Net maximum electrical capacity,Megawatt,16456.85
2019,France,Solar,Net maximum electrical capacity,Megawatt,10807.87
2019,France,Solid Biofuels,Net maximum electrical capacity,Megawatt,873.52
2019,Croatia,Hydro,Net maximum electrical capacity,Megawatt,2199.70
2019,Croatia,Wind,Net maximum electrical capacity,Megawatt,646.30
2019,Croatia,Solar,Net maximum electrical capacity,Megawatt,84.80
2019,Croatia,Solid Biofuels,Net maximum electrical capacity,Megawatt,75.50
2019,Italy,Hydro,Net maximum electrical capacity,Megawatt,22541.09
2019,Italy,Wind,Net maximum electrical capacity,Megawatt,10679.46
2019,Italy,Solar,Net maximum electrical capacity,Megawatt,20865.28
2019,Italy,Solid Biofuels,Net maximum electrical capacity,Megawatt,727.98
2019,Cyprus,Hydro,Net maximum electrical capacity,Megawatt,0.00
2019,Cyprus,Wind,Net maximum electrical capacity,Megawatt,157.73
2019,Cyprus,Solar,Net maximum electrical capacity,Megawatt,151.26
2019,Cyprus,Solid Biofuels,Net maximum electrical capacity,Megawatt,0.00
2019,Latvia,Hydro,Net maximum electrical capacity,Megawatt,1586.69
2019,Latvia,Wind,Net maximum electrical capacity,Megawatt,77.92
2019,Latvia,Solar,Net maximum electrical capacity,Megawatt,3.30
2019,Latvia,Solid Biofuels,Net maximum electrical capacity,Megawatt,96.95
2019,Lithuania,Hydro,Net maximum electrical capacity,Megawatt,877.00
2019,Lithuania,Wind,Net maximum electrical capacity,Megawatt,534.00
2019,Lithuania,Solar,Net maximum electrical capacity,Megawatt,103.00
2019,Lithuania,Solid Biofuels,Net maximum electrical capacity,Megawatt,63.00
2019,Luxembourg,Hydro,Net maximum electrical capacity,Megawatt,1330.47
2019,Luxembourg,Wind,Net maximum electrical capacity,Megawatt,135.79
2019,Luxembourg,Solar,Net maximum electrical capacity,Megawatt,159.74
2019,Luxembourg,Solid Biofuels,Net maximum electrical capacity,Megawatt,35.15
2019,Hungary,Hydro,Net maximum electrical capacity,Megawatt,58.00
2019,Hungary,Wind,Net maximum electrical capacity,Megawatt,323.00
2019,Hungary,Solar,Net maximum electrical capacity,Megawatt,1400.00
2019,Hungary,Solid Biofuels,Net maximum electrical capacity,Megawatt,402.00
2019,Malta,Hydro,Net maximum electrical capacity,Megawatt,0.00
2019,Malta,Wind,Net maximum electrical capacity,Megawatt,0.10
2019,Malta,Solar,Net maximum electrical capacity,Megawatt,155.16
2019,Malta,Solid Biofuels,Net maximum electrical capacity,Megawatt,0.00
2019,Netherlands,Hydro,Net maximum electrical capacity,Megawatt,37.00
2019,Netherlands,Wind,Net maximum electrical capacity,Megawatt,4484.16
2019,Netherlands,Solar,Net maximum electrical capacity,Megawatt,7226.00
2019,Netherlands,Solid Biofuels,Net maximum electrical capacity,Megawatt,239.12
2019,Austria,Hydro,Net maximum electrical capacity,Megawatt,14597.11
2019,Austria,Wind,Net maximum electrical capacity,Megawatt,3224.12
2019,Austria,Solar,Net maximum electrical capacity,Megawatt,1702.09
2019,Austria,Solid Biofuels,Net maximum electrical capacity,Megawatt,813.43
2019,Poland,Hydro,Net maximum electrical capacity,Megawatt,2397.01
2019,Poland,Wind,Net maximum electrical capacity,Megawatt,5837.76
2019,Poland,Solar,Net maximum electrical capacity,Megawatt,1539.26
2019,Poland,Solid Biofuels,Net maximum electrical capacity,Megawatt,731.78
2019,Portugal,Hydro,Net maximum electrical capacity,Megawatt,7261.99
2019,Portugal,Wind,Net maximum electrical capacity,Megawatt,5222.75
2019,Portugal,Solar,Net maximum electrical capacity,Megawatt,901.44
2019,Portugal,Solid Biofuels,Net maximum electrical capacity,Megawatt,589.57
2019,Romania,Hydro,Net maximum electrical capacity,Megawatt,6686.20
2019,Romania,Wind,Net maximum electrical capacity,Megawatt,3037.52
2019,Romania,Solar,Net maximum electrical capacity,Megawatt,1397.80
2019,Romania,Solid Biofuels,Net maximum electrical capacity,Megawatt,118.77
2019,Slovenia,Hydro,Net maximum electrical capacity,Megawatt,1350.72
2019,Slovenia,Wind,Net maximum electrical capacity,Megawatt,3.30
2019,Slovenia,Solar,Net maximum electrical capacity,Megawatt,277.88
2019,Slovenia,Solid Biofuels,Net maximum electrical capacity,Megawatt,34.00
2019,Slovakia,Hydro,Net maximum electrical capacity,Megawatt,2527.00
2019,Slovakia,Wind,Net maximum electrical capacity,Megawatt,4.00
2019,Slovakia,Solar,Net maximum electrical capacity,Megawatt,590.00
2019,Slovakia,Solid Biofuels,Net maximum electrical capacity,Megawatt,138.00
2019,Finland,Hydro,Net maximum electrical capacity,Megawatt,3157.00
2019,Finland,Wind,Net maximum electrical capacity,Megawatt,2284.00
2019,Finland,Solar,Net maximum electrical capacity,Megawatt,222.00
2019,Finland,Solid Biofuels,Net maximum electrical capacity,Megawatt,1963.00
2019,Sweden,Hydro,Net maximum electrical capacity,Megawatt,16462.00
2019,Sweden,Wind,Net maximum electrical capacity,Megawatt,8681.00
2019,Sweden,Solar,Net maximum electrical capacity,Megawatt,714.00
2019,Sweden,Solid Biofuels,Net maximum electrical capacity,Megawatt,3834.00
2019,United Kingdom,Hydro,Net maximum electrical capacity,Megawatt,4773.00
2019,United Kingdom,Wind,Net maximum electrical capacity,Megawatt,24095.38
2019,United Kingdom,Solar,Net maximum electrical capacity,Megawatt,13346.00
2019,United Kingdom,Solid Biofuels,Net maximum electrical capacity,Megawatt,4672.59
2020,European Union - 27 countries (from 2020),Hydro,Net maximum electrical capacity,Megawatt,150771.29
2020,European Union - 27 countries (from 2020),Wind,Net maximum electrical capacity,Megawatt,176985.20
2020,European Union - 27 countries (from 2020),Solar,Net maximum electrical capacity,Megawatt,138442.69
2020,European Union - 27 countries (from 2020),Solid Biofuels,Net maximum electrical capacity,Megawatt,15560.78
2020,Euro area - 19 countries  (from 2015),Hydro,Net maximum electrical capacity,Megawatt,117406.74
2020,Euro area - 19 countries  (from 2015),Wind,Net maximum electrical capacity,Megawatt,149274.45
2020,Euro area - 19 countries  (from 2015),Solar,Net maximum electrical capacity,Megawatt,125234.23
2020,Euro area - 19 countries  (from 2015),Solid Biofuels,Net maximum electrical capacity,Megawatt,9319.82
2020,Belgium,Hydro,Net maximum electrical capacity,Megawatt,1415.80
2020,Belgium,Wind,Net maximum electrical capacity,Megawatt,4680.90
2020,Belgium,Solar,Net maximum electrical capacity,Megawatt,5574.80
2020,Belgium,Solid Biofuels,Net maximum electrical capacity,Megawatt,563.50
2020,Bulgaria,Hydro,Net maximum electrical capacity,Megawatt,3376.46
2020,Bulgaria,Wind,Net maximum electrical capacity,Megawatt,702.80
2020,Bulgaria,Solar,Net maximum electrical capacity,Megawatt,1097.36
2020,Bulgaria,Solid Biofuels,Net maximum electrical capacity,Megawatt,15.06
2020,Czechia,Hydro,Net maximum electrical capacity,Megawatt,2265.43
2020,Czechia,Wind,Net maximum electrical capacity,Megawatt,339.42
2020,Czechia,Solar,Net maximum electrical capacity,Megawatt,2122.71
2020,Czechia,Solid Biofuels,Net maximum electrical capacity,Megawatt,452.00
2020,Denmark,Hydro,Net maximum electrical capacity,Megawatt,7.26
2020,Denmark,Wind,Net maximum electrical capacity,Megawatt,6259.46
2020,Denmark,Solar,Net maximum electrical capacity,Megawatt,1304.29
2020,Denmark,Solid Biofuels,Net maximum electrical capacity,Megawatt,1484.66
2020,Germany,Hydro,Net maximum electrical capacity,Megawatt,10792.00
2020,Germany,Wind,Net maximum electrical capacity,Megawatt,62188.00
2020,Germany,Solar,Net maximum electrical capacity,Megawatt,53721.00
2020,Germany,Solid Biofuels,Net maximum electrical capacity,Megawatt,1597.00
2020,Estonia,Hydro,Net maximum electrical capacity,Megawatt,8.00
2020,Estonia,Wind,Net maximum electrical capacity,Megawatt,317.00
2020,Estonia,Solar,Net maximum electrical capacity,Megawatt,207.67
2020,Estonia,Solid Biofuels,Net maximum electrical capacity,Megawatt,200.00
2020,Ireland,Hydro,Net maximum electrical capacity,Megawatt,529.00
2020,Ireland,Wind,Net maximum electrical capacity,Megawatt,4306.70
2020,Ireland,Solar,Net maximum electrical capacity,Megawatt,92.79
2020,Ireland,Solid Biofuels,Net maximum electrical capacity,Megawatt,6.71
2020,Greece,Hydro,Net maximum electrical capacity,Megawatt,3417.00
2020,Greece,Wind,Net maximum electrical capacity,Megawatt,4119.25
2020,Greece,Solar,Net maximum electrical capacity,Megawatt,3287.72
2020,Greece,Solid Biofuels,Net maximum electrical capacity,Megawatt,14.11
2020,Spain,Hydro,Net maximum electrical capacity,Megawatt,20116.59
2020,Spain,Wind,Net maximum electrical capacity,Megawatt,26819.19
2020,Spain,Solar,Net maximum electrical capacity,Megawatt,12589.49
2020,Spain,Solid Biofuels,Net maximum electrical capacity,Megawatt,867.85
2020,France,Hydro,Net maximum electrical capacity,Megawatt,25712.36
2020,France,Wind,Net maximum electrical capacity,Megawatt,17484.00
2020,France,Solar,Net maximum electrical capacity,Megawatt,12022.23
2020,France,Solid Biofuels,Net maximum electrical capacity,Megawatt,846.51
2020,Croatia,Hydro,Net maximum electrical capacity,Megawatt,2199.50
2020,Croatia,Wind,Net maximum electrical capacity,Megawatt,801.30
2020,Croatia,Solar,Net maximum electrical capacity,Megawatt,108.50
2020,Croatia,Solid Biofuels,Net maximum electrical capacity,Megawatt,80.20
2020,Italy,Hydro,Net maximum electrical capacity,Megawatt,22694.99
2020,Italy,Wind,Net maximum electrical capacity,Megawatt,10870.62
2020,Italy,Solar,Net maximum electrical capacity,Megawatt,21650.04
2020,Italy,Solid Biofuels,Net maximum electrical capacity,Megawatt,726.18
2020,Cyprus,Hydro,Net maximum electrical capacity,Megawatt,0.00
2020,Cyprus,Wind,Net maximum electrical capacity,Megawatt,157.73
2020,Cyprus,Solar,Net maximum electrical capacity,Megawatt,229.13
2020,Cyprus,Solid Biofuels,Net maximum electrical capacity,Megawatt,0.00
2020,Latvia,Hydro,Net maximum electrical capacity,Megawatt,1586.28
2020,Latvia,Wind,Net maximum electrical capacity,Megawatt,77.92
2020,Latvia,Solar,Net maximum electrical capacity,Megawatt,5.10
2020,Latvia,Solid Biofuels,Net maximum electrical capacity,Megawatt,96.07
2020,Lithuania,Hydro,Net maximum electrical capacity,Megawatt,877.00
2020,Lithuania,Wind,Net maximum electrical capacity,Megawatt,540.00
2020,Lithuania,Solar,Net maximum electrical capacity,Megawatt,164.00
2020,Lithuania,Solid Biofuels,Net maximum electrical capacity,Megawatt,63.00
2020,Luxembourg,Hydro,Net maximum electrical capacity,Megawatt,1330.53
2020,Luxembourg,Wind,Net maximum electrical capacity,Megawatt,152.74
2020,Luxembourg,Solar,Net maximum electrical capacity,Megawatt,186.64
2020,Luxembourg,Solid Biofuels,Net maximum electrical capacity,Megawatt,35.15
2020,Hungary,Hydro,Net maximum electrical capacity,Megawatt,58.00
2020,Hungary,Wind,Net maximum electrical capacity,Megawatt,321.00
2020,Hungary,Solar,Net maximum electrical capacity,Megawatt,2131.00
2020,Hungary,Solid Biofuels,Net maximum electrical capacity,Megawatt,397.00
2020,Malta,Hydro,Net maximum electrical capacity,Megawatt,0.00
2020,Malta,Wind,Net maximum electrical capacity,Megawatt,0.10
2020,Malta,Solar,Net maximum electrical capacity,Megawatt,187.89
2020,Malta,Solid Biofuels,Net maximum electrical capacity,Megawatt,0.00
2020,Netherlands,Hydro,Net maximum electrical capacity,Megawatt,37.00
2020,Netherlands,Wind,Net maximum electrical capacity,Megawatt,6618.75
2020,Netherlands,Solar,Net maximum electrical capacity,Megawatt,10949.72
2020,Netherlands,Solid Biofuels,Net maximum electrical capacity,Megawatt,270.57
2020,Austria,Hydro,Net maximum electrical capacity,Megawatt,14604.53
2020,Austria,Wind,Net maximum electrical capacity,Megawatt,3225.99
2020,Austria,Solar,Net maximum electrical capacity,Megawatt,2042.93
2020,Austria,Solid Biofuels,Net maximum electrical capacity,Megawatt,816.20
2020,Poland,Hydro,Net maximum electrical capacity,Megawatt,2399.60
2020,Poland,Wind,Net maximum electrical capacity,Megawatt,6298.25
2020,Poland,Solar,Net maximum electrical capacity,Megawatt,3954.96
2020,Poland,Solid Biofuels,Net maximum electrical capacity,Megawatt,734.20
2020,Portugal,Hydro,Net maximum electrical capacity,Megawatt,7240.81
2020,Portugal,Wind,Net maximum electrical capacity,Megawatt,5122.26
2020,Portugal,Solar,Net maximum electrical capacity,Megawatt,1100.29
2020,Portugal,Solid Biofuels,Net maximum electrical capacity,Megawatt,602.97
2020,Romania,Hydro,Net maximum electrical capacity,Megawatt,6652.30
2020,Romania,Wind,Net maximum electrical capacity,Megawatt,3012.53
2020,Romania,Solar,Net maximum electrical capacity,Megawatt,1382.63
2020,Romania,Solid Biofuels,Net maximum electrical capacity,Megawatt,135.83
2020,Slovenia,Hydro,Net maximum electrical capacity,Megawatt,1351.86
2020,Slovenia,Wind,Net maximum electrical capacity,Megawatt,3.30
2020,Slovenia,Solar,Net maximum electrical capacity,Megawatt,369.78
2020,Slovenia,Solid Biofuels,Net maximum electrical capacity,Megawatt,35.00
2020,Slovakia,Hydro,Net maximum electrical capacity,Megawatt,2529.00
2020,Slovakia,Wind,Net maximum electrical capacity,Megawatt,4.00
2020,Slovakia,Solar,Net maximum electrical capacity,Megawatt,535.00
2020,Slovakia,Solid Biofuels,Net maximum electrical capacity,Megawatt,137.00
2020,Finland,Hydro,Net maximum electrical capacity,Megawatt,3164.00
2020,Finland,Wind,Net maximum electrical capacity,Megawatt,2586.00
2020,Finland,Solar,Net maximum electrical capacity,Megawatt,318.00
2020,Finland,Solid Biofuels,Net maximum electrical capacity,Megawatt,2442.00
2020,Sweden,Hydro,Net maximum electrical capacity,Megawatt,16406.00
2020,Sweden,Wind,Net maximum electrical capacity,Megawatt,9976.00
2020,Sweden,Solar,Net maximum electrical capacity,Megawatt,1107.00
2020,Sweden,Solid Biofuels,Net maximum electrical capacity,Megawatt,2942.00
