TIME,GEO,PLANT_TEC,UNIT,Value
2012,European Union - 27 countries (from 2020),Production of fresh fuel elements (tHM),Tonnes of heavy metal,2110.64
2012,European Union - 27 countries (from 2020),Production of MOX fuel elements (tHM),Tonnes of heavy metal,166.40
2012,European Union - 27 countries (from 2020),Production of uranium and plutonium in reprocessing plants (tHM),Tonnes of heavy metal,1023.00
2012,Euro area - 19 countries  (from 2015),Production of fresh fuel elements (tHM),Tonnes of heavy metal,1457.10
2012,Euro area - 19 countries  (from 2015),Production of MOX fuel elements (tHM),Tonnes of heavy metal,166.40
2012,Euro area - 19 countries  (from 2015),Production of uranium and plutonium in reprocessing plants (tHM),Tonnes of heavy metal,1023.00
2012,Belgium,Production of fresh fuel elements (tHM),Tonnes of heavy metal,29.00
2012,Belgium,Production of MOX fuel elements (tHM),Tonnes of heavy metal,16.40
2012,Belgium,Production of uranium and plutonium in reprocessing plants (tHM),Tonnes of heavy metal,0.00
2012,Bulgaria,Production of fresh fuel elements (tHM),Tonnes of heavy metal,:
2012,Bulgaria,Production of MOX fuel elements (tHM),Tonnes of heavy metal,:
2012,Bulgaria,Production of uranium and plutonium in reprocessing plants (tHM),Tonnes of heavy metal,:
2012,Czechia,Production of fresh fuel elements (tHM),Tonnes of heavy metal,0.00
2012,Czechia,Production of MOX fuel elements (tHM),Tonnes of heavy metal,0.00
2012,Czechia,Production of uranium and plutonium in reprocessing plants (tHM),Tonnes of heavy metal,0.00
2012,Denmark,Production of fresh fuel elements (tHM),Tonnes of heavy metal,0.00
2012,Denmark,Production of MOX fuel elements (tHM),Tonnes of heavy metal,0.00
2012,Denmark,Production of uranium and plutonium in reprocessing plants (tHM),Tonnes of heavy metal,0.00
2012,Germany,Production of fresh fuel elements (tHM),Tonnes of heavy metal,396.70
2012,Germany,Production of MOX fuel elements (tHM),Tonnes of heavy metal,:
2012,Germany,Production of uranium and plutonium in reprocessing plants (tHM),Tonnes of heavy metal,:
2012,Estonia,Production of fresh fuel elements (tHM),Tonnes of heavy metal,0.00
2012,Estonia,Production of MOX fuel elements (tHM),Tonnes of heavy metal,0.00
2012,Estonia,Production of uranium and plutonium in reprocessing plants (tHM),Tonnes of heavy metal,0.00
2012,Ireland,Production of fresh fuel elements (tHM),Tonnes of heavy metal,:
2012,Ireland,Production of MOX fuel elements (tHM),Tonnes of heavy metal,:
2012,Ireland,Production of uranium and plutonium in reprocessing plants (tHM),Tonnes of heavy metal,:
2012,Greece,Production of fresh fuel elements (tHM),Tonnes of heavy metal,0.00
2012,Greece,Production of MOX fuel elements (tHM),Tonnes of heavy metal,0.00
2012,Greece,Production of uranium and plutonium in reprocessing plants (tHM),Tonnes of heavy metal,0.00
2012,Spain,Production of fresh fuel elements (tHM),Tonnes of heavy metal,357.40
2012,Spain,Production of MOX fuel elements (tHM),Tonnes of heavy metal,:
2012,Spain,Production of uranium and plutonium in reprocessing plants (tHM),Tonnes of heavy metal,:
2012,France,Production of fresh fuel elements (tHM),Tonnes of heavy metal,674.00
2012,France,Production of MOX fuel elements (tHM),Tonnes of heavy metal,150.00
2012,France,Production of uranium and plutonium in reprocessing plants (tHM),Tonnes of heavy metal,1023.00
2012,Croatia,Production of fresh fuel elements (tHM),Tonnes of heavy metal,0.00
2012,Croatia,Production of MOX fuel elements (tHM),Tonnes of heavy metal,0.00
2012,Croatia,Production of uranium and plutonium in reprocessing plants (tHM),Tonnes of heavy metal,0.00
2012,Italy,Production of fresh fuel elements (tHM),Tonnes of heavy metal,:
2012,Italy,Production of MOX fuel elements (tHM),Tonnes of heavy metal,:
2012,Italy,Production of uranium and plutonium in reprocessing plants (tHM),Tonnes of heavy metal,:
2012,Cyprus,Production of fresh fuel elements (tHM),Tonnes of heavy metal,0.00
2012,Cyprus,Production of MOX fuel elements (tHM),Tonnes of heavy metal,0.00
2012,Cyprus,Production of uranium and plutonium in reprocessing plants (tHM),Tonnes of heavy metal,0.00
2012,Latvia,Production of fresh fuel elements (tHM),Tonnes of heavy metal,:
2012,Latvia,Production of MOX fuel elements (tHM),Tonnes of heavy metal,:
2012,Latvia,Production of uranium and plutonium in reprocessing plants (tHM),Tonnes of heavy metal,:
2012,Lithuania,Production of fresh fuel elements (tHM),Tonnes of heavy metal,:
2012,Lithuania,Production of MOX fuel elements (tHM),Tonnes of heavy metal,:
2012,Lithuania,Production of uranium and plutonium in reprocessing plants (tHM),Tonnes of heavy metal,:
2012,Luxembourg,Production of fresh fuel elements (tHM),Tonnes of heavy metal,:
2012,Luxembourg,Production of MOX fuel elements (tHM),Tonnes of heavy metal,:
2012,Luxembourg,Production of uranium and plutonium in reprocessing plants (tHM),Tonnes of heavy metal,:
2012,Hungary,Production of fresh fuel elements (tHM),Tonnes of heavy metal,:
2012,Hungary,Production of MOX fuel elements (tHM),Tonnes of heavy metal,:
2012,Hungary,Production of uranium and plutonium in reprocessing plants (tHM),Tonnes of heavy metal,:
2012,Malta,Production of fresh fuel elements (tHM),Tonnes of heavy metal,:
2012,Malta,Production of MOX fuel elements (tHM),Tonnes of heavy metal,:
2012,Malta,Production of uranium and plutonium in reprocessing plants (tHM),Tonnes of heavy metal,:
2012,Netherlands,Production of fresh fuel elements (tHM),Tonnes of heavy metal,:
2012,Netherlands,Production of MOX fuel elements (tHM),Tonnes of heavy metal,:
2012,Netherlands,Production of uranium and plutonium in reprocessing plants (tHM),Tonnes of heavy metal,:
2012,Austria,Production of fresh fuel elements (tHM),Tonnes of heavy metal,:
2012,Austria,Production of MOX fuel elements (tHM),Tonnes of heavy metal,:
2012,Austria,Production of uranium and plutonium in reprocessing plants (tHM),Tonnes of heavy metal,:
2012,Poland,Production of fresh fuel elements (tHM),Tonnes of heavy metal,:
2012,Poland,Production of MOX fuel elements (tHM),Tonnes of heavy metal,:
2012,Poland,Production of uranium and plutonium in reprocessing plants (tHM),Tonnes of heavy metal,:
2012,Portugal,Production of fresh fuel elements (tHM),Tonnes of heavy metal,:
2012,Portugal,Production of MOX fuel elements (tHM),Tonnes of heavy metal,:
2012,Portugal,Production of uranium and plutonium in reprocessing plants (tHM),Tonnes of heavy metal,:
2012,Romania,Production of fresh fuel elements (tHM),Tonnes of heavy metal,194.54
2012,Romania,Production of MOX fuel elements (tHM),Tonnes of heavy metal,:
2012,Romania,Production of uranium and plutonium in reprocessing plants (tHM),Tonnes of heavy metal,:
2012,Slovenia,Production of fresh fuel elements (tHM),Tonnes of heavy metal,:
2012,Slovenia,Production of MOX fuel elements (tHM),Tonnes of heavy metal,:
2012,Slovenia,Production of uranium and plutonium in reprocessing plants (tHM),Tonnes of heavy metal,:
2012,Slovakia,Production of fresh fuel elements (tHM),Tonnes of heavy metal,:
2012,Slovakia,Production of MOX fuel elements (tHM),Tonnes of heavy metal,:
2012,Slovakia,Production of uranium and plutonium in reprocessing plants (tHM),Tonnes of heavy metal,:
2012,Finland,Production of fresh fuel elements (tHM),Tonnes of heavy metal,:
2012,Finland,Production of MOX fuel elements (tHM),Tonnes of heavy metal,:
2012,Finland,Production of uranium and plutonium in reprocessing plants (tHM),Tonnes of heavy metal,:
2012,Sweden,Production of fresh fuel elements (tHM),Tonnes of heavy metal,459.00
2012,Sweden,Production of MOX fuel elements (tHM),Tonnes of heavy metal,:
2012,Sweden,Production of uranium and plutonium in reprocessing plants (tHM),Tonnes of heavy metal,:
2012,United Kingdom,Production of fresh fuel elements (tHM),Tonnes of heavy metal,185.00
2012,United Kingdom,Production of MOX fuel elements (tHM),Tonnes of heavy metal,0.00
2012,United Kingdom,Production of uranium and plutonium in reprocessing plants (tHM),Tonnes of heavy metal,699.00
2013,European Union - 27 countries (from 2020),Production of fresh fuel elements (tHM),Tonnes of heavy metal,2049.60
2013,European Union - 27 countries (from 2020),Production of MOX fuel elements (tHM),Tonnes of heavy metal,132.00
2013,European Union - 27 countries (from 2020),Production of uranium and plutonium in reprocessing plants (tHM),Tonnes of heavy metal,1172.00
2013,Euro area - 19 countries  (from 2015),Production of fresh fuel elements (tHM),Tonnes of heavy metal,1289.20
2013,Euro area - 19 countries  (from 2015),Production of MOX fuel elements (tHM),Tonnes of heavy metal,132.00
2013,Euro area - 19 countries  (from 2015),Production of uranium and plutonium in reprocessing plants (tHM),Tonnes of heavy metal,1172.00
2013,Belgium,Production of fresh fuel elements (tHM),Tonnes of heavy metal,0.00
2013,Belgium,Production of MOX fuel elements (tHM),Tonnes of heavy metal,8.00
2013,Belgium,Production of uranium and plutonium in reprocessing plants (tHM),Tonnes of heavy metal,0.00
2013,Bulgaria,Production of fresh fuel elements (tHM),Tonnes of heavy metal,:
2013,Bulgaria,Production of MOX fuel elements (tHM),Tonnes of heavy metal,:
2013,Bulgaria,Production of uranium and plutonium in reprocessing plants (tHM),Tonnes of heavy metal,:
2013,Czechia,Production of fresh fuel elements (tHM),Tonnes of heavy metal,0.00
2013,Czechia,Production of MOX fuel elements (tHM),Tonnes of heavy metal,0.00
2013,Czechia,Production of uranium and plutonium in reprocessing plants (tHM),Tonnes of heavy metal,0.00
2013,Denmark,Production of fresh fuel elements (tHM),Tonnes of heavy metal,0.00
2013,Denmark,Production of MOX fuel elements (tHM),Tonnes of heavy metal,0.00
2013,Denmark,Production of uranium and plutonium in reprocessing plants (tHM),Tonnes of heavy metal,0.00
2013,Germany,Production of fresh fuel elements (tHM),Tonnes of heavy metal,250.60
2013,Germany,Production of MOX fuel elements (tHM),Tonnes of heavy metal,:
2013,Germany,Production of uranium and plutonium in reprocessing plants (tHM),Tonnes of heavy metal,:
2013,Estonia,Production of fresh fuel elements (tHM),Tonnes of heavy metal,0.00
2013,Estonia,Production of MOX fuel elements (tHM),Tonnes of heavy metal,0.00
2013,Estonia,Production of uranium and plutonium in reprocessing plants (tHM),Tonnes of heavy metal,0.00
2013,Ireland,Production of fresh fuel elements (tHM),Tonnes of heavy metal,:
2013,Ireland,Production of MOX fuel elements (tHM),Tonnes of heavy metal,:
2013,Ireland,Production of uranium and plutonium in reprocessing plants (tHM),Tonnes of heavy metal,:
2013,Greece,Production of fresh fuel elements (tHM),Tonnes of heavy metal,0.00
2013,Greece,Production of MOX fuel elements (tHM),Tonnes of heavy metal,0.00
2013,Greece,Production of uranium and plutonium in reprocessing plants (tHM),Tonnes of heavy metal,0.00
2013,Spain,Production of fresh fuel elements (tHM),Tonnes of heavy metal,344.60
2013,Spain,Production of MOX fuel elements (tHM),Tonnes of heavy metal,:
2013,Spain,Production of uranium and plutonium in reprocessing plants (tHM),Tonnes of heavy metal,:
2013,France,Production of fresh fuel elements (tHM),Tonnes of heavy metal,694.00
2013,France,Production of MOX fuel elements (tHM),Tonnes of heavy metal,124.00
2013,France,Production of uranium and plutonium in reprocessing plants (tHM),Tonnes of heavy metal,1172.00
2013,Croatia,Production of fresh fuel elements (tHM),Tonnes of heavy metal,0.00
2013,Croatia,Production of MOX fuel elements (tHM),Tonnes of heavy metal,0.00
2013,Croatia,Production of uranium and plutonium in reprocessing plants (tHM),Tonnes of heavy metal,0.00
2013,Italy,Production of fresh fuel elements (tHM),Tonnes of heavy metal,:
2013,Italy,Production of MOX fuel elements (tHM),Tonnes of heavy metal,:
2013,Italy,Production of uranium and plutonium in reprocessing plants (tHM),Tonnes of heavy metal,:
2013,Cyprus,Production of fresh fuel elements (tHM),Tonnes of heavy metal,0.00
2013,Cyprus,Production of MOX fuel elements (tHM),Tonnes of heavy metal,0.00
2013,Cyprus,Production of uranium and plutonium in reprocessing plants (tHM),Tonnes of heavy metal,0.00
2013,Latvia,Production of fresh fuel elements (tHM),Tonnes of heavy metal,:
2013,Latvia,Production of MOX fuel elements (tHM),Tonnes of heavy metal,:
2013,Latvia,Production of uranium and plutonium in reprocessing plants (tHM),Tonnes of heavy metal,:
2013,Lithuania,Production of fresh fuel elements (tHM),Tonnes of heavy metal,:
2013,Lithuania,Production of MOX fuel elements (tHM),Tonnes of heavy metal,:
2013,Lithuania,Production of uranium and plutonium in reprocessing plants (tHM),Tonnes of heavy metal,:
2013,Luxembourg,Production of fresh fuel elements (tHM),Tonnes of heavy metal,:
2013,Luxembourg,Production of MOX fuel elements (tHM),Tonnes of heavy metal,:
2013,Luxembourg,Production of uranium and plutonium in reprocessing plants (tHM),Tonnes of heavy metal,:
2013,Hungary,Production of fresh fuel elements (tHM),Tonnes of heavy metal,:
2013,Hungary,Production of MOX fuel elements (tHM),Tonnes of heavy metal,:
2013,Hungary,Production of uranium and plutonium in reprocessing plants (tHM),Tonnes of heavy metal,:
2013,Malta,Production of fresh fuel elements (tHM),Tonnes of heavy metal,:
2013,Malta,Production of MOX fuel elements (tHM),Tonnes of heavy metal,:
2013,Malta,Production of uranium and plutonium in reprocessing plants (tHM),Tonnes of heavy metal,:
2013,Netherlands,Production of fresh fuel elements (tHM),Tonnes of heavy metal,:
2013,Netherlands,Production of MOX fuel elements (tHM),Tonnes of heavy metal,:
2013,Netherlands,Production of uranium and plutonium in reprocessing plants (tHM),Tonnes of heavy metal,:
2013,Austria,Production of fresh fuel elements (tHM),Tonnes of heavy metal,:
2013,Austria,Production of MOX fuel elements (tHM),Tonnes of heavy metal,:
2013,Austria,Production of uranium and plutonium in reprocessing plants (tHM),Tonnes of heavy metal,:
2013,Poland,Production of fresh fuel elements (tHM),Tonnes of heavy metal,:
2013,Poland,Production of MOX fuel elements (tHM),Tonnes of heavy metal,:
2013,Poland,Production of uranium and plutonium in reprocessing plants (tHM),Tonnes of heavy metal,:
2013,Portugal,Production of fresh fuel elements (tHM),Tonnes of heavy metal,:
2013,Portugal,Production of MOX fuel elements (tHM),Tonnes of heavy metal,:
2013,Portugal,Production of uranium and plutonium in reprocessing plants (tHM),Tonnes of heavy metal,:
2013,Romania,Production of fresh fuel elements (tHM),Tonnes of heavy metal,208.40
2013,Romania,Production of MOX fuel elements (tHM),Tonnes of heavy metal,:
2013,Romania,Production of uranium and plutonium in reprocessing plants (tHM),Tonnes of heavy metal,:
2013,Slovenia,Production of fresh fuel elements (tHM),Tonnes of heavy metal,:
2013,Slovenia,Production of MOX fuel elements (tHM),Tonnes of heavy metal,:
2013,Slovenia,Production of uranium and plutonium in reprocessing plants (tHM),Tonnes of heavy metal,:
2013,Slovakia,Production of fresh fuel elements (tHM),Tonnes of heavy metal,:
2013,Slovakia,Production of MOX fuel elements (tHM),Tonnes of heavy metal,:
2013,Slovakia,Production of uranium and plutonium in reprocessing plants (tHM),Tonnes of heavy metal,:
2013,Finland,Production of fresh fuel elements (tHM),Tonnes of heavy metal,:
2013,Finland,Production of MOX fuel elements (tHM),Tonnes of heavy metal,:
2013,Finland,Production of uranium and plutonium in reprocessing plants (tHM),Tonnes of heavy metal,:
2013,Sweden,Production of fresh fuel elements (tHM),Tonnes of heavy metal,552.00
2013,Sweden,Production of MOX fuel elements (tHM),Tonnes of heavy metal,:
2013,Sweden,Production of uranium and plutonium in reprocessing plants (tHM),Tonnes of heavy metal,:
2013,United Kingdom,Production of fresh fuel elements (tHM),Tonnes of heavy metal,176.00
2013,United Kingdom,Production of MOX fuel elements (tHM),Tonnes of heavy metal,0.00
2013,United Kingdom,Production of uranium and plutonium in reprocessing plants (tHM),Tonnes of heavy metal,823.00
2014,European Union - 27 countries (from 2020),Production of fresh fuel elements (tHM),Tonnes of heavy metal,1946.80
2014,European Union - 27 countries (from 2020),Production of MOX fuel elements (tHM),Tonnes of heavy metal,147.90
2014,European Union - 27 countries (from 2020),Production of uranium and plutonium in reprocessing plants (tHM),Tonnes of heavy metal,1217.00
2014,Euro area - 19 countries  (from 2015),Production of fresh fuel elements (tHM),Tonnes of heavy metal,1275.50
2014,Euro area - 19 countries  (from 2015),Production of MOX fuel elements (tHM),Tonnes of heavy metal,147.90
2014,Euro area - 19 countries  (from 2015),Production of uranium and plutonium in reprocessing plants (tHM),Tonnes of heavy metal,1217.00
2014,Belgium,Production of fresh fuel elements (tHM),Tonnes of heavy metal,0.00
2014,Belgium,Production of MOX fuel elements (tHM),Tonnes of heavy metal,13.90
2014,Belgium,Production of uranium and plutonium in reprocessing plants (tHM),Tonnes of heavy metal,0.00
2014,Bulgaria,Production of fresh fuel elements (tHM),Tonnes of heavy metal,:
2014,Bulgaria,Production of MOX fuel elements (tHM),Tonnes of heavy metal,:
2014,Bulgaria,Production of uranium and plutonium in reprocessing plants (tHM),Tonnes of heavy metal,:
2014,Czechia,Production of fresh fuel elements (tHM),Tonnes of heavy metal,0.00
2014,Czechia,Production of MOX fuel elements (tHM),Tonnes of heavy metal,0.00
2014,Czechia,Production of uranium and plutonium in reprocessing plants (tHM),Tonnes of heavy metal,0.00
2014,Denmark,Production of fresh fuel elements (tHM),Tonnes of heavy metal,0.00
2014,Denmark,Production of MOX fuel elements (tHM),Tonnes of heavy metal,0.00
2014,Denmark,Production of uranium and plutonium in reprocessing plants (tHM),Tonnes of heavy metal,0.00
2014,Germany,Production of fresh fuel elements (tHM),Tonnes of heavy metal,307.70
2014,Germany,Production of MOX fuel elements (tHM),Tonnes of heavy metal,:
2014,Germany,Production of uranium and plutonium in reprocessing plants (tHM),Tonnes of heavy metal,:
2014,Estonia,Production of fresh fuel elements (tHM),Tonnes of heavy metal,0.00
2014,Estonia,Production of MOX fuel elements (tHM),Tonnes of heavy metal,0.00
2014,Estonia,Production of uranium and plutonium in reprocessing plants (tHM),Tonnes of heavy metal,0.00
2014,Ireland,Production of fresh fuel elements (tHM),Tonnes of heavy metal,:
2014,Ireland,Production of MOX fuel elements (tHM),Tonnes of heavy metal,:
2014,Ireland,Production of uranium and plutonium in reprocessing plants (tHM),Tonnes of heavy metal,:
2014,Greece,Production of fresh fuel elements (tHM),Tonnes of heavy metal,0.00
2014,Greece,Production of MOX fuel elements (tHM),Tonnes of heavy metal,0.00
2014,Greece,Production of uranium and plutonium in reprocessing plants (tHM),Tonnes of heavy metal,0.00
2014,Spain,Production of fresh fuel elements (tHM),Tonnes of heavy metal,324.80
2014,Spain,Production of MOX fuel elements (tHM),Tonnes of heavy metal,:
2014,Spain,Production of uranium and plutonium in reprocessing plants (tHM),Tonnes of heavy metal,:
2014,France,Production of fresh fuel elements (tHM),Tonnes of heavy metal,643.00
2014,France,Production of MOX fuel elements (tHM),Tonnes of heavy metal,134.00
2014,France,Production of uranium and plutonium in reprocessing plants (tHM),Tonnes of heavy metal,1217.00
2014,Croatia,Production of fresh fuel elements (tHM),Tonnes of heavy metal,0.00
2014,Croatia,Production of MOX fuel elements (tHM),Tonnes of heavy metal,0.00
2014,Croatia,Production of uranium and plutonium in reprocessing plants (tHM),Tonnes of heavy metal,0.00
2014,Italy,Production of fresh fuel elements (tHM),Tonnes of heavy metal,:
2014,Italy,Production of MOX fuel elements (tHM),Tonnes of heavy metal,:
2014,Italy,Production of uranium and plutonium in reprocessing plants (tHM),Tonnes of heavy metal,:
2014,Cyprus,Production of fresh fuel elements (tHM),Tonnes of heavy metal,0.00
2014,Cyprus,Production of MOX fuel elements (tHM),Tonnes of heavy metal,0.00
2014,Cyprus,Production of uranium and plutonium in reprocessing plants (tHM),Tonnes of heavy metal,0.00
2014,Latvia,Production of fresh fuel elements (tHM),Tonnes of heavy metal,:
2014,Latvia,Production of MOX fuel elements (tHM),Tonnes of heavy metal,:
2014,Latvia,Production of uranium and plutonium in reprocessing plants (tHM),Tonnes of heavy metal,:
2014,Lithuania,Production of fresh fuel elements (tHM),Tonnes of heavy metal,:
2014,Lithuania,Production of MOX fuel elements (tHM),Tonnes of heavy metal,:
2014,Lithuania,Production of uranium and plutonium in reprocessing plants (tHM),Tonnes of heavy metal,:
2014,Luxembourg,Production of fresh fuel elements (tHM),Tonnes of heavy metal,:
2014,Luxembourg,Production of MOX fuel elements (tHM),Tonnes of heavy metal,:
2014,Luxembourg,Production of uranium and plutonium in reprocessing plants (tHM),Tonnes of heavy metal,:
2014,Hungary,Production of fresh fuel elements (tHM),Tonnes of heavy metal,:
2014,Hungary,Production of MOX fuel elements (tHM),Tonnes of heavy metal,:
2014,Hungary,Production of uranium and plutonium in reprocessing plants (tHM),Tonnes of heavy metal,:
2014,Malta,Production of fresh fuel elements (tHM),Tonnes of heavy metal,:
2014,Malta,Production of MOX fuel elements (tHM),Tonnes of heavy metal,:
2014,Malta,Production of uranium and plutonium in reprocessing plants (tHM),Tonnes of heavy metal,:
2014,Netherlands,Production of fresh fuel elements (tHM),Tonnes of heavy metal,:
2014,Netherlands,Production of MOX fuel elements (tHM),Tonnes of heavy metal,:
2014,Netherlands,Production of uranium and plutonium in reprocessing plants (tHM),Tonnes of heavy metal,:
2014,Austria,Production of fresh fuel elements (tHM),Tonnes of heavy metal,:
2014,Austria,Production of MOX fuel elements (tHM),Tonnes of heavy metal,:
2014,Austria,Production of uranium and plutonium in reprocessing plants (tHM),Tonnes of heavy metal,:
2014,Poland,Production of fresh fuel elements (tHM),Tonnes of heavy metal,:
2014,Poland,Production of MOX fuel elements (tHM),Tonnes of heavy metal,:
2014,Poland,Production of uranium and plutonium in reprocessing plants (tHM),Tonnes of heavy metal,:
2014,Portugal,Production of fresh fuel elements (tHM),Tonnes of heavy metal,:
2014,Portugal,Production of MOX fuel elements (tHM),Tonnes of heavy metal,:
2014,Portugal,Production of uranium and plutonium in reprocessing plants (tHM),Tonnes of heavy metal,:
2014,Romania,Production of fresh fuel elements (tHM),Tonnes of heavy metal,201.30
2014,Romania,Production of MOX fuel elements (tHM),Tonnes of heavy metal,:
2014,Romania,Production of uranium and plutonium in reprocessing plants (tHM),Tonnes of heavy metal,:
2014,Slovenia,Production of fresh fuel elements (tHM),Tonnes of heavy metal,:
2014,Slovenia,Production of MOX fuel elements (tHM),Tonnes of heavy metal,:
2014,Slovenia,Production of uranium and plutonium in reprocessing plants (tHM),Tonnes of heavy metal,:
2014,Slovakia,Production of fresh fuel elements (tHM),Tonnes of heavy metal,:
2014,Slovakia,Production of MOX fuel elements (tHM),Tonnes of heavy metal,:
2014,Slovakia,Production of uranium and plutonium in reprocessing plants (tHM),Tonnes of heavy metal,:
2014,Finland,Production of fresh fuel elements (tHM),Tonnes of heavy metal,:
2014,Finland,Production of MOX fuel elements (tHM),Tonnes of heavy metal,:
2014,Finland,Production of uranium and plutonium in reprocessing plants (tHM),Tonnes of heavy metal,:
2014,Sweden,Production of fresh fuel elements (tHM),Tonnes of heavy metal,470.00
2014,Sweden,Production of MOX fuel elements (tHM),Tonnes of heavy metal,:
2014,Sweden,Production of uranium and plutonium in reprocessing plants (tHM),Tonnes of heavy metal,:
2014,United Kingdom,Production of fresh fuel elements (tHM),Tonnes of heavy metal,183.00
2014,United Kingdom,Production of MOX fuel elements (tHM),Tonnes of heavy metal,0.00
2014,United Kingdom,Production of uranium and plutonium in reprocessing plants (tHM),Tonnes of heavy metal,898.00
2015,European Union - 27 countries (from 2020),Production of fresh fuel elements (tHM),Tonnes of heavy metal,1904.10
2015,European Union - 27 countries (from 2020),Production of MOX fuel elements (tHM),Tonnes of heavy metal,137.80
2015,European Union - 27 countries (from 2020),Production of uranium and plutonium in reprocessing plants (tHM),Tonnes of heavy metal,1205.00
2015,Euro area - 19 countries  (from 2015),Production of fresh fuel elements (tHM),Tonnes of heavy metal,1197.70
2015,Euro area - 19 countries  (from 2015),Production of MOX fuel elements (tHM),Tonnes of heavy metal,137.80
2015,Euro area - 19 countries  (from 2015),Production of uranium and plutonium in reprocessing plants (tHM),Tonnes of heavy metal,1205.00
2015,Belgium,Production of fresh fuel elements (tHM),Tonnes of heavy metal,0.00
2015,Belgium,Production of MOX fuel elements (tHM),Tonnes of heavy metal,12.80
2015,Belgium,Production of uranium and plutonium in reprocessing plants (tHM),Tonnes of heavy metal,0.00
2015,Bulgaria,Production of fresh fuel elements (tHM),Tonnes of heavy metal,:
2015,Bulgaria,Production of MOX fuel elements (tHM),Tonnes of heavy metal,:
2015,Bulgaria,Production of uranium and plutonium in reprocessing plants (tHM),Tonnes of heavy metal,:
2015,Czechia,Production of fresh fuel elements (tHM),Tonnes of heavy metal,0.00
2015,Czechia,Production of MOX fuel elements (tHM),Tonnes of heavy metal,0.00
2015,Czechia,Production of uranium and plutonium in reprocessing plants (tHM),Tonnes of heavy metal,0.00
2015,Denmark,Production of fresh fuel elements (tHM),Tonnes of heavy metal,0.00
2015,Denmark,Production of MOX fuel elements (tHM),Tonnes of heavy metal,0.00
2015,Denmark,Production of uranium and plutonium in reprocessing plants (tHM),Tonnes of heavy metal,0.00
2015,Germany,Production of fresh fuel elements (tHM),Tonnes of heavy metal,232.50
2015,Germany,Production of MOX fuel elements (tHM),Tonnes of heavy metal,:
2015,Germany,Production of uranium and plutonium in reprocessing plants (tHM),Tonnes of heavy metal,:
2015,Estonia,Production of fresh fuel elements (tHM),Tonnes of heavy metal,0.00
2015,Estonia,Production of MOX fuel elements (tHM),Tonnes of heavy metal,0.00
2015,Estonia,Production of uranium and plutonium in reprocessing plants (tHM),Tonnes of heavy metal,0.00
2015,Ireland,Production of fresh fuel elements (tHM),Tonnes of heavy metal,:
2015,Ireland,Production of MOX fuel elements (tHM),Tonnes of heavy metal,:
2015,Ireland,Production of uranium and plutonium in reprocessing plants (tHM),Tonnes of heavy metal,:
2015,Greece,Production of fresh fuel elements (tHM),Tonnes of heavy metal,0.00
2015,Greece,Production of MOX fuel elements (tHM),Tonnes of heavy metal,0.00
2015,Greece,Production of uranium and plutonium in reprocessing plants (tHM),Tonnes of heavy metal,0.00
2015,Spain,Production of fresh fuel elements (tHM),Tonnes of heavy metal,347.20
2015,Spain,Production of MOX fuel elements (tHM),Tonnes of heavy metal,:
2015,Spain,Production of uranium and plutonium in reprocessing plants (tHM),Tonnes of heavy metal,:
2015,France,Production of fresh fuel elements (tHM),Tonnes of heavy metal,618.00
2015,France,Production of MOX fuel elements (tHM),Tonnes of heavy metal,125.00
2015,France,Production of uranium and plutonium in reprocessing plants (tHM),Tonnes of heavy metal,1205.00
2015,Croatia,Production of fresh fuel elements (tHM),Tonnes of heavy metal,0.00
2015,Croatia,Production of MOX fuel elements (tHM),Tonnes of heavy metal,0.00
2015,Croatia,Production of uranium and plutonium in reprocessing plants (tHM),Tonnes of heavy metal,0.00
2015,Italy,Production of fresh fuel elements (tHM),Tonnes of heavy metal,:
2015,Italy,Production of MOX fuel elements (tHM),Tonnes of heavy metal,:
2015,Italy,Production of uranium and plutonium in reprocessing plants (tHM),Tonnes of heavy metal,:
2015,Cyprus,Production of fresh fuel elements (tHM),Tonnes of heavy metal,0.00
2015,Cyprus,Production of MOX fuel elements (tHM),Tonnes of heavy metal,0.00
2015,Cyprus,Production of uranium and plutonium in reprocessing plants (tHM),Tonnes of heavy metal,0.00
2015,Latvia,Production of fresh fuel elements (tHM),Tonnes of heavy metal,:
2015,Latvia,Production of MOX fuel elements (tHM),Tonnes of heavy metal,:
2015,Latvia,Production of uranium and plutonium in reprocessing plants (tHM),Tonnes of heavy metal,:
2015,Lithuania,Production of fresh fuel elements (tHM),Tonnes of heavy metal,:
2015,Lithuania,Production of MOX fuel elements (tHM),Tonnes of heavy metal,:
2015,Lithuania,Production of uranium and plutonium in reprocessing plants (tHM),Tonnes of heavy metal,:
2015,Luxembourg,Production of fresh fuel elements (tHM),Tonnes of heavy metal,:
2015,Luxembourg,Production of MOX fuel elements (tHM),Tonnes of heavy metal,:
2015,Luxembourg,Production of uranium and plutonium in reprocessing plants (tHM),Tonnes of heavy metal,:
2015,Hungary,Production of fresh fuel elements (tHM),Tonnes of heavy metal,:
2015,Hungary,Production of MOX fuel elements (tHM),Tonnes of heavy metal,:
2015,Hungary,Production of uranium and plutonium in reprocessing plants (tHM),Tonnes of heavy metal,:
2015,Malta,Production of fresh fuel elements (tHM),Tonnes of heavy metal,:
2015,Malta,Production of MOX fuel elements (tHM),Tonnes of heavy metal,:
2015,Malta,Production of uranium and plutonium in reprocessing plants (tHM),Tonnes of heavy metal,:
2015,Netherlands,Production of fresh fuel elements (tHM),Tonnes of heavy metal,:
2015,Netherlands,Production of MOX fuel elements (tHM),Tonnes of heavy metal,:
2015,Netherlands,Production of uranium and plutonium in reprocessing plants (tHM),Tonnes of heavy metal,:
2015,Austria,Production of fresh fuel elements (tHM),Tonnes of heavy metal,:
2015,Austria,Production of MOX fuel elements (tHM),Tonnes of heavy metal,:
2015,Austria,Production of uranium and plutonium in reprocessing plants (tHM),Tonnes of heavy metal,:
2015,Poland,Production of fresh fuel elements (tHM),Tonnes of heavy metal,:
2015,Poland,Production of MOX fuel elements (tHM),Tonnes of heavy metal,:
2015,Poland,Production of uranium and plutonium in reprocessing plants (tHM),Tonnes of heavy metal,:
2015,Portugal,Production of fresh fuel elements (tHM),Tonnes of heavy metal,:
2015,Portugal,Production of MOX fuel elements (tHM),Tonnes of heavy metal,:
2015,Portugal,Production of uranium and plutonium in reprocessing plants (tHM),Tonnes of heavy metal,:
2015,Romania,Production of fresh fuel elements (tHM),Tonnes of heavy metal,224.40
2015,Romania,Production of MOX fuel elements (tHM),Tonnes of heavy metal,:
2015,Romania,Production of uranium and plutonium in reprocessing plants (tHM),Tonnes of heavy metal,:
2015,Slovenia,Production of fresh fuel elements (tHM),Tonnes of heavy metal,:
2015,Slovenia,Production of MOX fuel elements (tHM),Tonnes of heavy metal,:
2015,Slovenia,Production of uranium and plutonium in reprocessing plants (tHM),Tonnes of heavy metal,:
2015,Slovakia,Production of fresh fuel elements (tHM),Tonnes of heavy metal,:
2015,Slovakia,Production of MOX fuel elements (tHM),Tonnes of heavy metal,:
2015,Slovakia,Production of uranium and plutonium in reprocessing plants (tHM),Tonnes of heavy metal,:
2015,Finland,Production of fresh fuel elements (tHM),Tonnes of heavy metal,:
2015,Finland,Production of MOX fuel elements (tHM),Tonnes of heavy metal,:
2015,Finland,Production of uranium and plutonium in reprocessing plants (tHM),Tonnes of heavy metal,:
2015,Sweden,Production of fresh fuel elements (tHM),Tonnes of heavy metal,482.00
2015,Sweden,Production of MOX fuel elements (tHM),Tonnes of heavy metal,:
2015,Sweden,Production of uranium and plutonium in reprocessing plants (tHM),Tonnes of heavy metal,:
2015,United Kingdom,Production of fresh fuel elements (tHM),Tonnes of heavy metal,164.00
2015,United Kingdom,Production of MOX fuel elements (tHM),Tonnes of heavy metal,0.00
2015,United Kingdom,Production of uranium and plutonium in reprocessing plants (tHM),Tonnes of heavy metal,790.00
2016,European Union - 27 countries (from 2020),Production of fresh fuel elements (tHM),Tonnes of heavy metal,1864.40
2016,European Union - 27 countries (from 2020),Production of MOX fuel elements (tHM),Tonnes of heavy metal,117.00
2016,European Union - 27 countries (from 2020),Production of uranium and plutonium in reprocessing plants (tHM),Tonnes of heavy metal,1118.00
2016,Euro area - 19 countries  (from 2015),Production of fresh fuel elements (tHM),Tonnes of heavy metal,1152.10
2016,Euro area - 19 countries  (from 2015),Production of MOX fuel elements (tHM),Tonnes of heavy metal,117.00
2016,Euro area - 19 countries  (from 2015),Production of uranium and plutonium in reprocessing plants (tHM),Tonnes of heavy metal,1118.00
2016,Belgium,Production of fresh fuel elements (tHM),Tonnes of heavy metal,0.00
2016,Belgium,Production of MOX fuel elements (tHM),Tonnes of heavy metal,0.00
2016,Belgium,Production of uranium and plutonium in reprocessing plants (tHM),Tonnes of heavy metal,0.00
2016,Bulgaria,Production of fresh fuel elements (tHM),Tonnes of heavy metal,:
2016,Bulgaria,Production of MOX fuel elements (tHM),Tonnes of heavy metal,:
2016,Bulgaria,Production of uranium and plutonium in reprocessing plants (tHM),Tonnes of heavy metal,:
2016,Czechia,Production of fresh fuel elements (tHM),Tonnes of heavy metal,0.00
2016,Czechia,Production of MOX fuel elements (tHM),Tonnes of heavy metal,0.00
2016,Czechia,Production of uranium and plutonium in reprocessing plants (tHM),Tonnes of heavy metal,0.00
2016,Denmark,Production of fresh fuel elements (tHM),Tonnes of heavy metal,0.00
2016,Denmark,Production of MOX fuel elements (tHM),Tonnes of heavy metal,0.00
2016,Denmark,Production of uranium and plutonium in reprocessing plants (tHM),Tonnes of heavy metal,0.00
2016,Germany,Production of fresh fuel elements (tHM),Tonnes of heavy metal,249.60
2016,Germany,Production of MOX fuel elements (tHM),Tonnes of heavy metal,:
2016,Germany,Production of uranium and plutonium in reprocessing plants (tHM),Tonnes of heavy metal,:
2016,Estonia,Production of fresh fuel elements (tHM),Tonnes of heavy metal,0.00
2016,Estonia,Production of MOX fuel elements (tHM),Tonnes of heavy metal,0.00
2016,Estonia,Production of uranium and plutonium in reprocessing plants (tHM),Tonnes of heavy metal,0.00
2016,Ireland,Production of fresh fuel elements (tHM),Tonnes of heavy metal,:
2016,Ireland,Production of MOX fuel elements (tHM),Tonnes of heavy metal,:
2016,Ireland,Production of uranium and plutonium in reprocessing plants (tHM),Tonnes of heavy metal,:
2016,Greece,Production of fresh fuel elements (tHM),Tonnes of heavy metal,0.00
2016,Greece,Production of MOX fuel elements (tHM),Tonnes of heavy metal,0.00
2016,Greece,Production of uranium and plutonium in reprocessing plants (tHM),Tonnes of heavy metal,0.00
2016,Spain,Production of fresh fuel elements (tHM),Tonnes of heavy metal,272.50
2016,Spain,Production of MOX fuel elements (tHM),Tonnes of heavy metal,:
2016,Spain,Production of uranium and plutonium in reprocessing plants (tHM),Tonnes of heavy metal,:
2016,France,Production of fresh fuel elements (tHM),Tonnes of heavy metal,630.00
2016,France,Production of MOX fuel elements (tHM),Tonnes of heavy metal,117.00
2016,France,Production of uranium and plutonium in reprocessing plants (tHM),Tonnes of heavy metal,1118.00
2016,Croatia,Production of fresh fuel elements (tHM),Tonnes of heavy metal,0.00
2016,Croatia,Production of MOX fuel elements (tHM),Tonnes of heavy metal,0.00
2016,Croatia,Production of uranium and plutonium in reprocessing plants (tHM),Tonnes of heavy metal,0.00
2016,Italy,Production of fresh fuel elements (tHM),Tonnes of heavy metal,:
2016,Italy,Production of MOX fuel elements (tHM),Tonnes of heavy metal,:
2016,Italy,Production of uranium and plutonium in reprocessing plants (tHM),Tonnes of heavy metal,:
2016,Cyprus,Production of fresh fuel elements (tHM),Tonnes of heavy metal,0.00
2016,Cyprus,Production of MOX fuel elements (tHM),Tonnes of heavy metal,0.00
2016,Cyprus,Production of uranium and plutonium in reprocessing plants (tHM),Tonnes of heavy metal,0.00
2016,Latvia,Production of fresh fuel elements (tHM),Tonnes of heavy metal,:
2016,Latvia,Production of MOX fuel elements (tHM),Tonnes of heavy metal,:
2016,Latvia,Production of uranium and plutonium in reprocessing plants (tHM),Tonnes of heavy metal,:
2016,Lithuania,Production of fresh fuel elements (tHM),Tonnes of heavy metal,:
2016,Lithuania,Production of MOX fuel elements (tHM),Tonnes of heavy metal,:
2016,Lithuania,Production of uranium and plutonium in reprocessing plants (tHM),Tonnes of heavy metal,:
2016,Luxembourg,Production of fresh fuel elements (tHM),Tonnes of heavy metal,:
2016,Luxembourg,Production of MOX fuel elements (tHM),Tonnes of heavy metal,:
2016,Luxembourg,Production of uranium and plutonium in reprocessing plants (tHM),Tonnes of heavy metal,:
2016,Hungary,Production of fresh fuel elements (tHM),Tonnes of heavy metal,:
2016,Hungary,Production of MOX fuel elements (tHM),Tonnes of heavy metal,:
2016,Hungary,Production of uranium and plutonium in reprocessing plants (tHM),Tonnes of heavy metal,:
2016,Malta,Production of fresh fuel elements (tHM),Tonnes of heavy metal,:
2016,Malta,Production of MOX fuel elements (tHM),Tonnes of heavy metal,:
2016,Malta,Production of uranium and plutonium in reprocessing plants (tHM),Tonnes of heavy metal,:
2016,Netherlands,Production of fresh fuel elements (tHM),Tonnes of heavy metal,:
2016,Netherlands,Production of MOX fuel elements (tHM),Tonnes of heavy metal,:
2016,Netherlands,Production of uranium and plutonium in reprocessing plants (tHM),Tonnes of heavy metal,:
2016,Austria,Production of fresh fuel elements (tHM),Tonnes of heavy metal,:
2016,Austria,Production of MOX fuel elements (tHM),Tonnes of heavy metal,:
2016,Austria,Production of uranium and plutonium in reprocessing plants (tHM),Tonnes of heavy metal,:
2016,Poland,Production of fresh fuel elements (tHM),Tonnes of heavy metal,:
2016,Poland,Production of MOX fuel elements (tHM),Tonnes of heavy metal,:
2016,Poland,Production of uranium and plutonium in reprocessing plants (tHM),Tonnes of heavy metal,:
2016,Portugal,Production of fresh fuel elements (tHM),Tonnes of heavy metal,:
2016,Portugal,Production of MOX fuel elements (tHM),Tonnes of heavy metal,:
2016,Portugal,Production of uranium and plutonium in reprocessing plants (tHM),Tonnes of heavy metal,:
2016,Romania,Production of fresh fuel elements (tHM),Tonnes of heavy metal,212.30
2016,Romania,Production of MOX fuel elements (tHM),Tonnes of heavy metal,:
2016,Romania,Production of uranium and plutonium in reprocessing plants (tHM),Tonnes of heavy metal,:
2016,Slovenia,Production of fresh fuel elements (tHM),Tonnes of heavy metal,:
2016,Slovenia,Production of MOX fuel elements (tHM),Tonnes of heavy metal,:
2016,Slovenia,Production of uranium and plutonium in reprocessing plants (tHM),Tonnes of heavy metal,:
2016,Slovakia,Production of fresh fuel elements (tHM),Tonnes of heavy metal,:
2016,Slovakia,Production of MOX fuel elements (tHM),Tonnes of heavy metal,:
2016,Slovakia,Production of uranium and plutonium in reprocessing plants (tHM),Tonnes of heavy metal,:
2016,Finland,Production of fresh fuel elements (tHM),Tonnes of heavy metal,:
2016,Finland,Production of MOX fuel elements (tHM),Tonnes of heavy metal,:
2016,Finland,Production of uranium and plutonium in reprocessing plants (tHM),Tonnes of heavy metal,:
2016,Sweden,Production of fresh fuel elements (tHM),Tonnes of heavy metal,500.00
2016,Sweden,Production of MOX fuel elements (tHM),Tonnes of heavy metal,:
2016,Sweden,Production of uranium and plutonium in reprocessing plants (tHM),Tonnes of heavy metal,:
2016,United Kingdom,Production of fresh fuel elements (tHM),Tonnes of heavy metal,188.00
2016,United Kingdom,Production of MOX fuel elements (tHM),Tonnes of heavy metal,0.00
2016,United Kingdom,Production of uranium and plutonium in reprocessing plants (tHM),Tonnes of heavy metal,993.00
2017,European Union - 27 countries (from 2020),Production of fresh fuel elements (tHM),Tonnes of heavy metal,1928.20
2017,European Union - 27 countries (from 2020),Production of MOX fuel elements (tHM),Tonnes of heavy metal,110.00
2017,European Union - 27 countries (from 2020),Production of uranium and plutonium in reprocessing plants (tHM),Tonnes of heavy metal,983.00
2017,Euro area - 19 countries  (from 2015),Production of fresh fuel elements (tHM),Tonnes of heavy metal,1224.20
2017,Euro area - 19 countries  (from 2015),Production of MOX fuel elements (tHM),Tonnes of heavy metal,110.00
2017,Euro area - 19 countries  (from 2015),Production of uranium and plutonium in reprocessing plants (tHM),Tonnes of heavy metal,983.00
2017,Belgium,Production of fresh fuel elements (tHM),Tonnes of heavy metal,0.00
2017,Belgium,Production of MOX fuel elements (tHM),Tonnes of heavy metal,0.00
2017,Belgium,Production of uranium and plutonium in reprocessing plants (tHM),Tonnes of heavy metal,0.00
2017,Bulgaria,Production of fresh fuel elements (tHM),Tonnes of heavy metal,:
2017,Bulgaria,Production of MOX fuel elements (tHM),Tonnes of heavy metal,:
2017,Bulgaria,Production of uranium and plutonium in reprocessing plants (tHM),Tonnes of heavy metal,:
2017,Czechia,Production of fresh fuel elements (tHM),Tonnes of heavy metal,0.00
2017,Czechia,Production of MOX fuel elements (tHM),Tonnes of heavy metal,0.00
2017,Czechia,Production of uranium and plutonium in reprocessing plants (tHM),Tonnes of heavy metal,0.00
2017,Denmark,Production of fresh fuel elements (tHM),Tonnes of heavy metal,0.00
2017,Denmark,Production of MOX fuel elements (tHM),Tonnes of heavy metal,0.00
2017,Denmark,Production of uranium and plutonium in reprocessing plants (tHM),Tonnes of heavy metal,0.00
2017,Germany,Production of fresh fuel elements (tHM),Tonnes of heavy metal,299.20
2017,Germany,Production of MOX fuel elements (tHM),Tonnes of heavy metal,:
2017,Germany,Production of uranium and plutonium in reprocessing plants (tHM),Tonnes of heavy metal,:
2017,Estonia,Production of fresh fuel elements (tHM),Tonnes of heavy metal,0.00
2017,Estonia,Production of MOX fuel elements (tHM),Tonnes of heavy metal,0.00
2017,Estonia,Production of uranium and plutonium in reprocessing plants (tHM),Tonnes of heavy metal,0.00
2017,Ireland,Production of fresh fuel elements (tHM),Tonnes of heavy metal,:
2017,Ireland,Production of MOX fuel elements (tHM),Tonnes of heavy metal,:
2017,Ireland,Production of uranium and plutonium in reprocessing plants (tHM),Tonnes of heavy metal,:
2017,Greece,Production of fresh fuel elements (tHM),Tonnes of heavy metal,0.00
2017,Greece,Production of MOX fuel elements (tHM),Tonnes of heavy metal,0.00
2017,Greece,Production of uranium and plutonium in reprocessing plants (tHM),Tonnes of heavy metal,0.00
2017,Spain,Production of fresh fuel elements (tHM),Tonnes of heavy metal,293.00
2017,Spain,Production of MOX fuel elements (tHM),Tonnes of heavy metal,:
2017,Spain,Production of uranium and plutonium in reprocessing plants (tHM),Tonnes of heavy metal,:
2017,France,Production of fresh fuel elements (tHM),Tonnes of heavy metal,632.00
2017,France,Production of MOX fuel elements (tHM),Tonnes of heavy metal,110.00
2017,France,Production of uranium and plutonium in reprocessing plants (tHM),Tonnes of heavy metal,983.00
2017,Croatia,Production of fresh fuel elements (tHM),Tonnes of heavy metal,0.00
2017,Croatia,Production of MOX fuel elements (tHM),Tonnes of heavy metal,0.00
2017,Croatia,Production of uranium and plutonium in reprocessing plants (tHM),Tonnes of heavy metal,0.00
2017,Italy,Production of fresh fuel elements (tHM),Tonnes of heavy metal,:
2017,Italy,Production of MOX fuel elements (tHM),Tonnes of heavy metal,:
2017,Italy,Production of uranium and plutonium in reprocessing plants (tHM),Tonnes of heavy metal,:
2017,Cyprus,Production of fresh fuel elements (tHM),Tonnes of heavy metal,0.00
2017,Cyprus,Production of MOX fuel elements (tHM),Tonnes of heavy metal,0.00
2017,Cyprus,Production of uranium and plutonium in reprocessing plants (tHM),Tonnes of heavy metal,0.00
2017,Latvia,Production of fresh fuel elements (tHM),Tonnes of heavy metal,:
2017,Latvia,Production of MOX fuel elements (tHM),Tonnes of heavy metal,:
2017,Latvia,Production of uranium and plutonium in reprocessing plants (tHM),Tonnes of heavy metal,:
2017,Lithuania,Production of fresh fuel elements (tHM),Tonnes of heavy metal,:
2017,Lithuania,Production of MOX fuel elements (tHM),Tonnes of heavy metal,:
2017,Lithuania,Production of uranium and plutonium in reprocessing plants (tHM),Tonnes of heavy metal,:
2017,Luxembourg,Production of fresh fuel elements (tHM),Tonnes of heavy metal,:
2017,Luxembourg,Production of MOX fuel elements (tHM),Tonnes of heavy metal,:
2017,Luxembourg,Production of uranium and plutonium in reprocessing plants (tHM),Tonnes of heavy metal,:
2017,Hungary,Production of fresh fuel elements (tHM),Tonnes of heavy metal,:
2017,Hungary,Production of MOX fuel elements (tHM),Tonnes of heavy metal,:
2017,Hungary,Production of uranium and plutonium in reprocessing plants (tHM),Tonnes of heavy metal,:
2017,Malta,Production of fresh fuel elements (tHM),Tonnes of heavy metal,:
2017,Malta,Production of MOX fuel elements (tHM),Tonnes of heavy metal,:
2017,Malta,Production of uranium and plutonium in reprocessing plants (tHM),Tonnes of heavy metal,:
2017,Netherlands,Production of fresh fuel elements (tHM),Tonnes of heavy metal,:
2017,Netherlands,Production of MOX fuel elements (tHM),Tonnes of heavy metal,:
2017,Netherlands,Production of uranium and plutonium in reprocessing plants (tHM),Tonnes of heavy metal,:
2017,Austria,Production of fresh fuel elements (tHM),Tonnes of heavy metal,:
2017,Austria,Production of MOX fuel elements (tHM),Tonnes of heavy metal,:
2017,Austria,Production of uranium and plutonium in reprocessing plants (tHM),Tonnes of heavy metal,:
2017,Poland,Production of fresh fuel elements (tHM),Tonnes of heavy metal,:
2017,Poland,Production of MOX fuel elements (tHM),Tonnes of heavy metal,:
2017,Poland,Production of uranium and plutonium in reprocessing plants (tHM),Tonnes of heavy metal,:
2017,Portugal,Production of fresh fuel elements (tHM),Tonnes of heavy metal,:
2017,Portugal,Production of MOX fuel elements (tHM),Tonnes of heavy metal,:
2017,Portugal,Production of uranium and plutonium in reprocessing plants (tHM),Tonnes of heavy metal,:
2017,Romania,Production of fresh fuel elements (tHM),Tonnes of heavy metal,228.00
2017,Romania,Production of MOX fuel elements (tHM),Tonnes of heavy metal,:
2017,Romania,Production of uranium and plutonium in reprocessing plants (tHM),Tonnes of heavy metal,:
2017,Slovenia,Production of fresh fuel elements (tHM),Tonnes of heavy metal,:
2017,Slovenia,Production of MOX fuel elements (tHM),Tonnes of heavy metal,:
2017,Slovenia,Production of uranium and plutonium in reprocessing plants (tHM),Tonnes of heavy metal,:
2017,Slovakia,Production of fresh fuel elements (tHM),Tonnes of heavy metal,:
2017,Slovakia,Production of MOX fuel elements (tHM),Tonnes of heavy metal,:
2017,Slovakia,Production of uranium and plutonium in reprocessing plants (tHM),Tonnes of heavy metal,:
2017,Finland,Production of fresh fuel elements (tHM),Tonnes of heavy metal,:
2017,Finland,Production of MOX fuel elements (tHM),Tonnes of heavy metal,:
2017,Finland,Production of uranium and plutonium in reprocessing plants (tHM),Tonnes of heavy metal,:
2017,Sweden,Production of fresh fuel elements (tHM),Tonnes of heavy metal,476.00
2017,Sweden,Production of MOX fuel elements (tHM),Tonnes of heavy metal,:
2017,Sweden,Production of uranium and plutonium in reprocessing plants (tHM),Tonnes of heavy metal,:
2017,United Kingdom,Production of fresh fuel elements (tHM),Tonnes of heavy metal,189.00
2017,United Kingdom,Production of MOX fuel elements (tHM),Tonnes of heavy metal,0.00
2017,United Kingdom,Production of uranium and plutonium in reprocessing plants (tHM),Tonnes of heavy metal,711.00
2018,European Union - 27 countries (from 2020),Production of fresh fuel elements (tHM),Tonnes of heavy metal,1947.71
2018,European Union - 27 countries (from 2020),Production of MOX fuel elements (tHM),Tonnes of heavy metal,93.00
2018,European Union - 27 countries (from 2020),Production of uranium and plutonium in reprocessing plants (tHM),Tonnes of heavy metal,1009.00
2018,Euro area - 19 countries  (from 2015),Production of fresh fuel elements (tHM),Tonnes of heavy metal,1283.71
2018,Euro area - 19 countries  (from 2015),Production of MOX fuel elements (tHM),Tonnes of heavy metal,93.00
2018,Euro area - 19 countries  (from 2015),Production of uranium and plutonium in reprocessing plants (tHM),Tonnes of heavy metal,1009.00
2018,Belgium,Production of fresh fuel elements (tHM),Tonnes of heavy metal,0.00
2018,Belgium,Production of MOX fuel elements (tHM),Tonnes of heavy metal,0.00
2018,Belgium,Production of uranium and plutonium in reprocessing plants (tHM),Tonnes of heavy metal,0.00
2018,Bulgaria,Production of fresh fuel elements (tHM),Tonnes of heavy metal,:
2018,Bulgaria,Production of MOX fuel elements (tHM),Tonnes of heavy metal,:
2018,Bulgaria,Production of uranium and plutonium in reprocessing plants (tHM),Tonnes of heavy metal,:
2018,Czechia,Production of fresh fuel elements (tHM),Tonnes of heavy metal,0.00
2018,Czechia,Production of MOX fuel elements (tHM),Tonnes of heavy metal,0.00
2018,Czechia,Production of uranium and plutonium in reprocessing plants (tHM),Tonnes of heavy metal,0.00
2018,Denmark,Production of fresh fuel elements (tHM),Tonnes of heavy metal,0.00
2018,Denmark,Production of MOX fuel elements (tHM),Tonnes of heavy metal,0.00
2018,Denmark,Production of uranium and plutonium in reprocessing plants (tHM),Tonnes of heavy metal,0.00
2018,Germany,Production of fresh fuel elements (tHM),Tonnes of heavy metal,259.00
2018,Germany,Production of MOX fuel elements (tHM),Tonnes of heavy metal,:
2018,Germany,Production of uranium and plutonium in reprocessing plants (tHM),Tonnes of heavy metal,:
2018,Estonia,Production of fresh fuel elements (tHM),Tonnes of heavy metal,0.00
2018,Estonia,Production of MOX fuel elements (tHM),Tonnes of heavy metal,0.00
2018,Estonia,Production of uranium and plutonium in reprocessing plants (tHM),Tonnes of heavy metal,0.00
2018,Ireland,Production of fresh fuel elements (tHM),Tonnes of heavy metal,:
2018,Ireland,Production of MOX fuel elements (tHM),Tonnes of heavy metal,:
2018,Ireland,Production of uranium and plutonium in reprocessing plants (tHM),Tonnes of heavy metal,:
2018,Greece,Production of fresh fuel elements (tHM),Tonnes of heavy metal,0.00
2018,Greece,Production of MOX fuel elements (tHM),Tonnes of heavy metal,0.00
2018,Greece,Production of uranium and plutonium in reprocessing plants (tHM),Tonnes of heavy metal,0.00
2018,Spain,Production of fresh fuel elements (tHM),Tonnes of heavy metal,290.71
2018,Spain,Production of MOX fuel elements (tHM),Tonnes of heavy metal,:
2018,Spain,Production of uranium and plutonium in reprocessing plants (tHM),Tonnes of heavy metal,:
2018,France,Production of fresh fuel elements (tHM),Tonnes of heavy metal,734.00
2018,France,Production of MOX fuel elements (tHM),Tonnes of heavy metal,93.00
2018,France,Production of uranium and plutonium in reprocessing plants (tHM),Tonnes of heavy metal,1009.00
2018,Croatia,Production of fresh fuel elements (tHM),Tonnes of heavy metal,0.00
2018,Croatia,Production of MOX fuel elements (tHM),Tonnes of heavy metal,0.00
2018,Croatia,Production of uranium and plutonium in reprocessing plants (tHM),Tonnes of heavy metal,0.00
2018,Italy,Production of fresh fuel elements (tHM),Tonnes of heavy metal,:
2018,Italy,Production of MOX fuel elements (tHM),Tonnes of heavy metal,:
2018,Italy,Production of uranium and plutonium in reprocessing plants (tHM),Tonnes of heavy metal,:
2018,Cyprus,Production of fresh fuel elements (tHM),Tonnes of heavy metal,0.00
2018,Cyprus,Production of MOX fuel elements (tHM),Tonnes of heavy metal,0.00
2018,Cyprus,Production of uranium and plutonium in reprocessing plants (tHM),Tonnes of heavy metal,0.00
2018,Latvia,Production of fresh fuel elements (tHM),Tonnes of heavy metal,0.00
2018,Latvia,Production of MOX fuel elements (tHM),Tonnes of heavy metal,0.00
2018,Latvia,Production of uranium and plutonium in reprocessing plants (tHM),Tonnes of heavy metal,0.00
2018,Lithuania,Production of fresh fuel elements (tHM),Tonnes of heavy metal,0.00
2018,Lithuania,Production of MOX fuel elements (tHM),Tonnes of heavy metal,0.00
2018,Lithuania,Production of uranium and plutonium in reprocessing plants (tHM),Tonnes of heavy metal,0.00
2018,Luxembourg,Production of fresh fuel elements (tHM),Tonnes of heavy metal,0.00
2018,Luxembourg,Production of MOX fuel elements (tHM),Tonnes of heavy metal,0.00
2018,Luxembourg,Production of uranium and plutonium in reprocessing plants (tHM),Tonnes of heavy metal,0.00
2018,Hungary,Production of fresh fuel elements (tHM),Tonnes of heavy metal,:
2018,Hungary,Production of MOX fuel elements (tHM),Tonnes of heavy metal,:
2018,Hungary,Production of uranium and plutonium in reprocessing plants (tHM),Tonnes of heavy metal,:
2018,Malta,Production of fresh fuel elements (tHM),Tonnes of heavy metal,0.00
2018,Malta,Production of MOX fuel elements (tHM),Tonnes of heavy metal,0.00
2018,Malta,Production of uranium and plutonium in reprocessing plants (tHM),Tonnes of heavy metal,0.00
2018,Netherlands,Production of fresh fuel elements (tHM),Tonnes of heavy metal,:
2018,Netherlands,Production of MOX fuel elements (tHM),Tonnes of heavy metal,:
2018,Netherlands,Production of uranium and plutonium in reprocessing plants (tHM),Tonnes of heavy metal,:
2018,Austria,Production of fresh fuel elements (tHM),Tonnes of heavy metal,0.00
2018,Austria,Production of MOX fuel elements (tHM),Tonnes of heavy metal,0.00
2018,Austria,Production of uranium and plutonium in reprocessing plants (tHM),Tonnes of heavy metal,0.00
2018,Poland,Production of fresh fuel elements (tHM),Tonnes of heavy metal,:
2018,Poland,Production of MOX fuel elements (tHM),Tonnes of heavy metal,:
2018,Poland,Production of uranium and plutonium in reprocessing plants (tHM),Tonnes of heavy metal,:
2018,Portugal,Production of fresh fuel elements (tHM),Tonnes of heavy metal,:
2018,Portugal,Production of MOX fuel elements (tHM),Tonnes of heavy metal,:
2018,Portugal,Production of uranium and plutonium in reprocessing plants (tHM),Tonnes of heavy metal,:
2018,Romania,Production of fresh fuel elements (tHM),Tonnes of heavy metal,216.00
2018,Romania,Production of MOX fuel elements (tHM),Tonnes of heavy metal,:
2018,Romania,Production of uranium and plutonium in reprocessing plants (tHM),Tonnes of heavy metal,:
2018,Slovenia,Production of fresh fuel elements (tHM),Tonnes of heavy metal,:
2018,Slovenia,Production of MOX fuel elements (tHM),Tonnes of heavy metal,:
2018,Slovenia,Production of uranium and plutonium in reprocessing plants (tHM),Tonnes of heavy metal,:
2018,Slovakia,Production of fresh fuel elements (tHM),Tonnes of heavy metal,:
2018,Slovakia,Production of MOX fuel elements (tHM),Tonnes of heavy metal,:
2018,Slovakia,Production of uranium and plutonium in reprocessing plants (tHM),Tonnes of heavy metal,:
2018,Finland,Production of fresh fuel elements (tHM),Tonnes of heavy metal,:
2018,Finland,Production of MOX fuel elements (tHM),Tonnes of heavy metal,:
2018,Finland,Production of uranium and plutonium in reprocessing plants (tHM),Tonnes of heavy metal,:
2018,Sweden,Production of fresh fuel elements (tHM),Tonnes of heavy metal,448.00
2018,Sweden,Production of MOX fuel elements (tHM),Tonnes of heavy metal,:
2018,Sweden,Production of uranium and plutonium in reprocessing plants (tHM),Tonnes of heavy metal,:
2018,United Kingdom,Production of fresh fuel elements (tHM),Tonnes of heavy metal,179.00
2018,United Kingdom,Production of MOX fuel elements (tHM),Tonnes of heavy metal,0.00
2018,United Kingdom,Production of uranium and plutonium in reprocessing plants (tHM),Tonnes of heavy metal,811.00
2019,European Union - 27 countries (from 2020),Production of fresh fuel elements (tHM),Tonnes of heavy metal,1824.00
2019,European Union - 27 countries (from 2020),Production of MOX fuel elements (tHM),Tonnes of heavy metal,89.00
2019,European Union - 27 countries (from 2020),Production of uranium and plutonium in reprocessing plants (tHM),Tonnes of heavy metal,1214.00
2019,Euro area - 19 countries  (from 2015),Production of fresh fuel elements (tHM),Tonnes of heavy metal,1124.00
2019,Euro area - 19 countries  (from 2015),Production of MOX fuel elements (tHM),Tonnes of heavy metal,89.00
2019,Euro area - 19 countries  (from 2015),Production of uranium and plutonium in reprocessing plants (tHM),Tonnes of heavy metal,1214.00
2019,Belgium,Production of fresh fuel elements (tHM),Tonnes of heavy metal,0.00
2019,Belgium,Production of MOX fuel elements (tHM),Tonnes of heavy metal,0.00
2019,Belgium,Production of uranium and plutonium in reprocessing plants (tHM),Tonnes of heavy metal,0.00
2019,Bulgaria,Production of fresh fuel elements (tHM),Tonnes of heavy metal,0.00
2019,Bulgaria,Production of MOX fuel elements (tHM),Tonnes of heavy metal,0.00
2019,Bulgaria,Production of uranium and plutonium in reprocessing plants (tHM),Tonnes of heavy metal,0.00
2019,Czechia,Production of fresh fuel elements (tHM),Tonnes of heavy metal,0.00
2019,Czechia,Production of MOX fuel elements (tHM),Tonnes of heavy metal,0.00
2019,Czechia,Production of uranium and plutonium in reprocessing plants (tHM),Tonnes of heavy metal,0.00
2019,Denmark,Production of fresh fuel elements (tHM),Tonnes of heavy metal,0.00
2019,Denmark,Production of MOX fuel elements (tHM),Tonnes of heavy metal,0.00
2019,Denmark,Production of uranium and plutonium in reprocessing plants (tHM),Tonnes of heavy metal,0.00
2019,Germany,Production of fresh fuel elements (tHM),Tonnes of heavy metal,217.00
2019,Germany,Production of MOX fuel elements (tHM),Tonnes of heavy metal,0.00
2019,Germany,Production of uranium and plutonium in reprocessing plants (tHM),Tonnes of heavy metal,0.00
2019,Estonia,Production of fresh fuel elements (tHM),Tonnes of heavy metal,0.00
2019,Estonia,Production of MOX fuel elements (tHM),Tonnes of heavy metal,0.00
2019,Estonia,Production of uranium and plutonium in reprocessing plants (tHM),Tonnes of heavy metal,0.00
2019,Ireland,Production of fresh fuel elements (tHM),Tonnes of heavy metal,0.00
2019,Ireland,Production of MOX fuel elements (tHM),Tonnes of heavy metal,0.00
2019,Ireland,Production of uranium and plutonium in reprocessing plants (tHM),Tonnes of heavy metal,0.00
2019,Greece,Production of fresh fuel elements (tHM),Tonnes of heavy metal,0.00
2019,Greece,Production of MOX fuel elements (tHM),Tonnes of heavy metal,0.00
2019,Greece,Production of uranium and plutonium in reprocessing plants (tHM),Tonnes of heavy metal,0.00
2019,Spain,Production of fresh fuel elements (tHM),Tonnes of heavy metal,265.00
2019,Spain,Production of MOX fuel elements (tHM),Tonnes of heavy metal,0.00
2019,Spain,Production of uranium and plutonium in reprocessing plants (tHM),Tonnes of heavy metal,0.00
2019,France,Production of fresh fuel elements (tHM),Tonnes of heavy metal,642.00
2019,France,Production of MOX fuel elements (tHM),Tonnes of heavy metal,89.00
2019,France,Production of uranium and plutonium in reprocessing plants (tHM),Tonnes of heavy metal,1214.00
2019,Croatia,Production of fresh fuel elements (tHM),Tonnes of heavy metal,0.00
2019,Croatia,Production of MOX fuel elements (tHM),Tonnes of heavy metal,0.00
2019,Croatia,Production of uranium and plutonium in reprocessing plants (tHM),Tonnes of heavy metal,0.00
2019,Italy,Production of fresh fuel elements (tHM),Tonnes of heavy metal,0.00
2019,Italy,Production of MOX fuel elements (tHM),Tonnes of heavy metal,0.00
2019,Italy,Production of uranium and plutonium in reprocessing plants (tHM),Tonnes of heavy metal,0.00
2019,Cyprus,Production of fresh fuel elements (tHM),Tonnes of heavy metal,0.00
2019,Cyprus,Production of MOX fuel elements (tHM),Tonnes of heavy metal,0.00
2019,Cyprus,Production of uranium and plutonium in reprocessing plants (tHM),Tonnes of heavy metal,0.00
2019,Latvia,Production of fresh fuel elements (tHM),Tonnes of heavy metal,0.00
2019,Latvia,Production of MOX fuel elements (tHM),Tonnes of heavy metal,0.00
2019,Latvia,Production of uranium and plutonium in reprocessing plants (tHM),Tonnes of heavy metal,0.00
2019,Lithuania,Production of fresh fuel elements (tHM),Tonnes of heavy metal,0.00
2019,Lithuania,Production of MOX fuel elements (tHM),Tonnes of heavy metal,0.00
2019,Lithuania,Production of uranium and plutonium in reprocessing plants (tHM),Tonnes of heavy metal,0.00
2019,Luxembourg,Production of fresh fuel elements (tHM),Tonnes of heavy metal,0.00
2019,Luxembourg,Production of MOX fuel elements (tHM),Tonnes of heavy metal,0.00
2019,Luxembourg,Production of uranium and plutonium in reprocessing plants (tHM),Tonnes of heavy metal,0.00
2019,Hungary,Production of fresh fuel elements (tHM),Tonnes of heavy metal,0.00
2019,Hungary,Production of MOX fuel elements (tHM),Tonnes of heavy metal,0.00
2019,Hungary,Production of uranium and plutonium in reprocessing plants (tHM),Tonnes of heavy metal,0.00
2019,Malta,Production of fresh fuel elements (tHM),Tonnes of heavy metal,0.00
2019,Malta,Production of MOX fuel elements (tHM),Tonnes of heavy metal,0.00
2019,Malta,Production of uranium and plutonium in reprocessing plants (tHM),Tonnes of heavy metal,0.00
2019,Netherlands,Production of fresh fuel elements (tHM),Tonnes of heavy metal,0.00
2019,Netherlands,Production of MOX fuel elements (tHM),Tonnes of heavy metal,0.00
2019,Netherlands,Production of uranium and plutonium in reprocessing plants (tHM),Tonnes of heavy metal,0.00
2019,Austria,Production of fresh fuel elements (tHM),Tonnes of heavy metal,0.00
2019,Austria,Production of MOX fuel elements (tHM),Tonnes of heavy metal,0.00
2019,Austria,Production of uranium and plutonium in reprocessing plants (tHM),Tonnes of heavy metal,0.00
2019,Poland,Production of fresh fuel elements (tHM),Tonnes of heavy metal,0.00
2019,Poland,Production of MOX fuel elements (tHM),Tonnes of heavy metal,0.00
2019,Poland,Production of uranium and plutonium in reprocessing plants (tHM),Tonnes of heavy metal,0.00
2019,Portugal,Production of fresh fuel elements (tHM),Tonnes of heavy metal,0.00
2019,Portugal,Production of MOX fuel elements (tHM),Tonnes of heavy metal,0.00
2019,Portugal,Production of uranium and plutonium in reprocessing plants (tHM),Tonnes of heavy metal,0.00
2019,Romania,Production of fresh fuel elements (tHM),Tonnes of heavy metal,216.00
2019,Romania,Production of MOX fuel elements (tHM),Tonnes of heavy metal,0.00
2019,Romania,Production of uranium and plutonium in reprocessing plants (tHM),Tonnes of heavy metal,0.00
2019,Slovenia,Production of fresh fuel elements (tHM),Tonnes of heavy metal,0.00
2019,Slovenia,Production of MOX fuel elements (tHM),Tonnes of heavy metal,0.00
2019,Slovenia,Production of uranium and plutonium in reprocessing plants (tHM),Tonnes of heavy metal,0.00
2019,Slovakia,Production of fresh fuel elements (tHM),Tonnes of heavy metal,0.00
2019,Slovakia,Production of MOX fuel elements (tHM),Tonnes of heavy metal,0.00
2019,Slovakia,Production of uranium and plutonium in reprocessing plants (tHM),Tonnes of heavy metal,0.00
2019,Finland,Production of fresh fuel elements (tHM),Tonnes of heavy metal,0.00
2019,Finland,Production of MOX fuel elements (tHM),Tonnes of heavy metal,0.00
2019,Finland,Production of uranium and plutonium in reprocessing plants (tHM),Tonnes of heavy metal,0.00
2019,Sweden,Production of fresh fuel elements (tHM),Tonnes of heavy metal,484.00
2019,Sweden,Production of MOX fuel elements (tHM),Tonnes of heavy metal,0.00
2019,Sweden,Production of uranium and plutonium in reprocessing plants (tHM),Tonnes of heavy metal,0.00
2019,United Kingdom,Production of fresh fuel elements (tHM),Tonnes of heavy metal,190.00
2019,United Kingdom,Production of MOX fuel elements (tHM),Tonnes of heavy metal,0.00
2019,United Kingdom,Production of uranium and plutonium in reprocessing plants (tHM),Tonnes of heavy metal,427.00
2020,European Union - 27 countries (from 2020),Production of fresh fuel elements (tHM),Tonnes of heavy metal,1968.00
2020,European Union - 27 countries (from 2020),Production of MOX fuel elements (tHM),Tonnes of heavy metal,84.00
2020,European Union - 27 countries (from 2020),Production of uranium and plutonium in reprocessing plants (tHM),Tonnes of heavy metal,1035.00
2020,Euro area - 19 countries  (from 2015),Production of fresh fuel elements (tHM),Tonnes of heavy metal,1192.00
2020,Euro area - 19 countries  (from 2015),Production of MOX fuel elements (tHM),Tonnes of heavy metal,84.00
2020,Euro area - 19 countries  (from 2015),Production of uranium and plutonium in reprocessing plants (tHM),Tonnes of heavy metal,1035.00
2020,Belgium,Production of fresh fuel elements (tHM),Tonnes of heavy metal,0.00
2020,Belgium,Production of MOX fuel elements (tHM),Tonnes of heavy metal,0.00
2020,Belgium,Production of uranium and plutonium in reprocessing plants (tHM),Tonnes of heavy metal,0.00
2020,Bulgaria,Production of fresh fuel elements (tHM),Tonnes of heavy metal,0.00
2020,Bulgaria,Production of MOX fuel elements (tHM),Tonnes of heavy metal,0.00
2020,Bulgaria,Production of uranium and plutonium in reprocessing plants (tHM),Tonnes of heavy metal,0.00
2020,Czechia,Production of fresh fuel elements (tHM),Tonnes of heavy metal,0.00
2020,Czechia,Production of MOX fuel elements (tHM),Tonnes of heavy metal,0.00
2020,Czechia,Production of uranium and plutonium in reprocessing plants (tHM),Tonnes of heavy metal,0.00
2020,Denmark,Production of fresh fuel elements (tHM),Tonnes of heavy metal,0.00
2020,Denmark,Production of MOX fuel elements (tHM),Tonnes of heavy metal,0.00
2020,Denmark,Production of uranium and plutonium in reprocessing plants (tHM),Tonnes of heavy metal,0.00
2020,Germany,Production of fresh fuel elements (tHM),Tonnes of heavy metal,193.00
2020,Germany,Production of MOX fuel elements (tHM),Tonnes of heavy metal,0.00
2020,Germany,Production of uranium and plutonium in reprocessing plants (tHM),Tonnes of heavy metal,0.00
2020,Estonia,Production of fresh fuel elements (tHM),Tonnes of heavy metal,0.00
2020,Estonia,Production of MOX fuel elements (tHM),Tonnes of heavy metal,0.00
2020,Estonia,Production of uranium and plutonium in reprocessing plants (tHM),Tonnes of heavy metal,0.00
2020,Ireland,Production of fresh fuel elements (tHM),Tonnes of heavy metal,0.00
2020,Ireland,Production of MOX fuel elements (tHM),Tonnes of heavy metal,0.00
2020,Ireland,Production of uranium and plutonium in reprocessing plants (tHM),Tonnes of heavy metal,0.00
2020,Greece,Production of fresh fuel elements (tHM),Tonnes of heavy metal,0.00
2020,Greece,Production of MOX fuel elements (tHM),Tonnes of heavy metal,0.00
2020,Greece,Production of uranium and plutonium in reprocessing plants (tHM),Tonnes of heavy metal,0.00
2020,Spain,Production of fresh fuel elements (tHM),Tonnes of heavy metal,294.00
2020,Spain,Production of MOX fuel elements (tHM),Tonnes of heavy metal,0.00
2020,Spain,Production of uranium and plutonium in reprocessing plants (tHM),Tonnes of heavy metal,0.00
2020,France,Production of fresh fuel elements (tHM),Tonnes of heavy metal,705.00
2020,France,Production of MOX fuel elements (tHM),Tonnes of heavy metal,84.00
2020,France,Production of uranium and plutonium in reprocessing plants (tHM),Tonnes of heavy metal,1035.00
2020,Croatia,Production of fresh fuel elements (tHM),Tonnes of heavy metal,0.00
2020,Croatia,Production of MOX fuel elements (tHM),Tonnes of heavy metal,0.00
2020,Croatia,Production of uranium and plutonium in reprocessing plants (tHM),Tonnes of heavy metal,0.00
2020,Italy,Production of fresh fuel elements (tHM),Tonnes of heavy metal,0.00
2020,Italy,Production of MOX fuel elements (tHM),Tonnes of heavy metal,0.00
2020,Italy,Production of uranium and plutonium in reprocessing plants (tHM),Tonnes of heavy metal,0.00
2020,Cyprus,Production of fresh fuel elements (tHM),Tonnes of heavy metal,0.00
2020,Cyprus,Production of MOX fuel elements (tHM),Tonnes of heavy metal,0.00
2020,Cyprus,Production of uranium and plutonium in reprocessing plants (tHM),Tonnes of heavy metal,0.00
2020,Latvia,Production of fresh fuel elements (tHM),Tonnes of heavy metal,0.00
2020,Latvia,Production of MOX fuel elements (tHM),Tonnes of heavy metal,0.00
2020,Latvia,Production of uranium and plutonium in reprocessing plants (tHM),Tonnes of heavy metal,0.00
2020,Lithuania,Production of fresh fuel elements (tHM),Tonnes of heavy metal,0.00
2020,Lithuania,Production of MOX fuel elements (tHM),Tonnes of heavy metal,0.00
2020,Lithuania,Production of uranium and plutonium in reprocessing plants (tHM),Tonnes of heavy metal,0.00
2020,Luxembourg,Production of fresh fuel elements (tHM),Tonnes of heavy metal,0.00
2020,Luxembourg,Production of MOX fuel elements (tHM),Tonnes of heavy metal,0.00
2020,Luxembourg,Production of uranium and plutonium in reprocessing plants (tHM),Tonnes of heavy metal,0.00
2020,Hungary,Production of fresh fuel elements (tHM),Tonnes of heavy metal,0.00
2020,Hungary,Production of MOX fuel elements (tHM),Tonnes of heavy metal,0.00
2020,Hungary,Production of uranium and plutonium in reprocessing plants (tHM),Tonnes of heavy metal,0.00
2020,Malta,Production of fresh fuel elements (tHM),Tonnes of heavy metal,0.00
2020,Malta,Production of MOX fuel elements (tHM),Tonnes of heavy metal,0.00
2020,Malta,Production of uranium and plutonium in reprocessing plants (tHM),Tonnes of heavy metal,0.00
2020,Netherlands,Production of fresh fuel elements (tHM),Tonnes of heavy metal,0.00
2020,Netherlands,Production of MOX fuel elements (tHM),Tonnes of heavy metal,0.00
2020,Netherlands,Production of uranium and plutonium in reprocessing plants (tHM),Tonnes of heavy metal,0.00
2020,Austria,Production of fresh fuel elements (tHM),Tonnes of heavy metal,0.00
2020,Austria,Production of MOX fuel elements (tHM),Tonnes of heavy metal,0.00
2020,Austria,Production of uranium and plutonium in reprocessing plants (tHM),Tonnes of heavy metal,0.00
2020,Poland,Production of fresh fuel elements (tHM),Tonnes of heavy metal,0.00
2020,Poland,Production of MOX fuel elements (tHM),Tonnes of heavy metal,0.00
2020,Poland,Production of uranium and plutonium in reprocessing plants (tHM),Tonnes of heavy metal,0.00
2020,Portugal,Production of fresh fuel elements (tHM),Tonnes of heavy metal,0.00
2020,Portugal,Production of MOX fuel elements (tHM),Tonnes of heavy metal,0.00
2020,Portugal,Production of uranium and plutonium in reprocessing plants (tHM),Tonnes of heavy metal,0.00
2020,Romania,Production of fresh fuel elements (tHM),Tonnes of heavy metal,208.00
2020,Romania,Production of MOX fuel elements (tHM),Tonnes of heavy metal,0.00
2020,Romania,Production of uranium and plutonium in reprocessing plants (tHM),Tonnes of heavy metal,0.00
2020,Slovenia,Production of fresh fuel elements (tHM),Tonnes of heavy metal,0.00
2020,Slovenia,Production of MOX fuel elements (tHM),Tonnes of heavy metal,0.00
2020,Slovenia,Production of uranium and plutonium in reprocessing plants (tHM),Tonnes of heavy metal,0.00
2020,Slovakia,Production of fresh fuel elements (tHM),Tonnes of heavy metal,0.00
2020,Slovakia,Production of MOX fuel elements (tHM),Tonnes of heavy metal,0.00
2020,Slovakia,Production of uranium and plutonium in reprocessing plants (tHM),Tonnes of heavy metal,0.00
2020,Finland,Production of fresh fuel elements (tHM),Tonnes of heavy metal,0.00
2020,Finland,Production of MOX fuel elements (tHM),Tonnes of heavy metal,0.00
2020,Finland,Production of uranium and plutonium in reprocessing plants (tHM),Tonnes of heavy metal,0.00
2020,Sweden,Production of fresh fuel elements (tHM),Tonnes of heavy metal,568.00
2020,Sweden,Production of MOX fuel elements (tHM),Tonnes of heavy metal,0.00
2020,Sweden,Production of uranium and plutonium in reprocessing plants (tHM),Tonnes of heavy metal,0.00
2021,European Union - 27 countries (from 2020),Production of fresh fuel elements (tHM),Tonnes of heavy metal,:
2021,European Union - 27 countries (from 2020),Production of MOX fuel elements (tHM),Tonnes of heavy metal,:
2021,European Union - 27 countries (from 2020),Production of uranium and plutonium in reprocessing plants (tHM),Tonnes of heavy metal,:
2021,Euro area - 19 countries  (from 2015),Production of fresh fuel elements (tHM),Tonnes of heavy metal,:
2021,Euro area - 19 countries  (from 2015),Production of MOX fuel elements (tHM),Tonnes of heavy metal,:
2021,Euro area - 19 countries  (from 2015),Production of uranium and plutonium in reprocessing plants (tHM),Tonnes of heavy metal,:
2021,Belgium,Production of fresh fuel elements (tHM),Tonnes of heavy metal,:
2021,Belgium,Production of MOX fuel elements (tHM),Tonnes of heavy metal,:
2021,Belgium,Production of uranium and plutonium in reprocessing plants (tHM),Tonnes of heavy metal,:
2021,Bulgaria,Production of fresh fuel elements (tHM),Tonnes of heavy metal,:
2021,Bulgaria,Production of MOX fuel elements (tHM),Tonnes of heavy metal,:
2021,Bulgaria,Production of uranium and plutonium in reprocessing plants (tHM),Tonnes of heavy metal,:
2021,Czechia,Production of fresh fuel elements (tHM),Tonnes of heavy metal,:
2021,Czechia,Production of MOX fuel elements (tHM),Tonnes of heavy metal,:
2021,Czechia,Production of uranium and plutonium in reprocessing plants (tHM),Tonnes of heavy metal,:
2021,Denmark,Production of fresh fuel elements (tHM),Tonnes of heavy metal,:
2021,Denmark,Production of MOX fuel elements (tHM),Tonnes of heavy metal,:
2021,Denmark,Production of uranium and plutonium in reprocessing plants (tHM),Tonnes of heavy metal,:
2021,Germany,Production of fresh fuel elements (tHM),Tonnes of heavy metal,:
2021,Germany,Production of MOX fuel elements (tHM),Tonnes of heavy metal,:
2021,Germany,Production of uranium and plutonium in reprocessing plants (tHM),Tonnes of heavy metal,:
2021,Estonia,Production of fresh fuel elements (tHM),Tonnes of heavy metal,:
2021,Estonia,Production of MOX fuel elements (tHM),Tonnes of heavy metal,:
2021,Estonia,Production of uranium and plutonium in reprocessing plants (tHM),Tonnes of heavy metal,:
2021,Ireland,Production of fresh fuel elements (tHM),Tonnes of heavy metal,:
2021,Ireland,Production of MOX fuel elements (tHM),Tonnes of heavy metal,:
2021,Ireland,Production of uranium and plutonium in reprocessing plants (tHM),Tonnes of heavy metal,:
2021,Greece,Production of fresh fuel elements (tHM),Tonnes of heavy metal,:
2021,Greece,Production of MOX fuel elements (tHM),Tonnes of heavy metal,:
2021,Greece,Production of uranium and plutonium in reprocessing plants (tHM),Tonnes of heavy metal,:
2021,Spain,Production of fresh fuel elements (tHM),Tonnes of heavy metal,:
2021,Spain,Production of MOX fuel elements (tHM),Tonnes of heavy metal,:
2021,Spain,Production of uranium and plutonium in reprocessing plants (tHM),Tonnes of heavy metal,:
2021,France,Production of fresh fuel elements (tHM),Tonnes of heavy metal,:
2021,France,Production of MOX fuel elements (tHM),Tonnes of heavy metal,:
2021,France,Production of uranium and plutonium in reprocessing plants (tHM),Tonnes of heavy metal,:
2021,Croatia,Production of fresh fuel elements (tHM),Tonnes of heavy metal,0.00
2021,Croatia,Production of MOX fuel elements (tHM),Tonnes of heavy metal,0.00
2021,Croatia,Production of uranium and plutonium in reprocessing plants (tHM),Tonnes of heavy metal,0.00
2021,Italy,Production of fresh fuel elements (tHM),Tonnes of heavy metal,:
2021,Italy,Production of MOX fuel elements (tHM),Tonnes of heavy metal,:
2021,Italy,Production of uranium and plutonium in reprocessing plants (tHM),Tonnes of heavy metal,:
2021,Cyprus,Production of fresh fuel elements (tHM),Tonnes of heavy metal,:
2021,Cyprus,Production of MOX fuel elements (tHM),Tonnes of heavy metal,:
2021,Cyprus,Production of uranium and plutonium in reprocessing plants (tHM),Tonnes of heavy metal,:
2021,Latvia,Production of fresh fuel elements (tHM),Tonnes of heavy metal,:
2021,Latvia,Production of MOX fuel elements (tHM),Tonnes of heavy metal,:
2021,Latvia,Production of uranium and plutonium in reprocessing plants (tHM),Tonnes of heavy metal,:
2021,Lithuania,Production of fresh fuel elements (tHM),Tonnes of heavy metal,:
2021,Lithuania,Production of MOX fuel elements (tHM),Tonnes of heavy metal,:
2021,Lithuania,Production of uranium and plutonium in reprocessing plants (tHM),Tonnes of heavy metal,:
2021,Luxembourg,Production of fresh fuel elements (tHM),Tonnes of heavy metal,:
2021,Luxembourg,Production of MOX fuel elements (tHM),Tonnes of heavy metal,:
2021,Luxembourg,Production of uranium and plutonium in reprocessing plants (tHM),Tonnes of heavy metal,:
2021,Hungary,Production of fresh fuel elements (tHM),Tonnes of heavy metal,:
2021,Hungary,Production of MOX fuel elements (tHM),Tonnes of heavy metal,:
2021,Hungary,Production of uranium and plutonium in reprocessing plants (tHM),Tonnes of heavy metal,:
2021,Malta,Production of fresh fuel elements (tHM),Tonnes of heavy metal,:
2021,Malta,Production of MOX fuel elements (tHM),Tonnes of heavy metal,:
2021,Malta,Production of uranium and plutonium in reprocessing plants (tHM),Tonnes of heavy metal,:
2021,Netherlands,Production of fresh fuel elements (tHM),Tonnes of heavy metal,:
2021,Netherlands,Production of MOX fuel elements (tHM),Tonnes of heavy metal,:
2021,Netherlands,Production of uranium and plutonium in reprocessing plants (tHM),Tonnes of heavy metal,:
2021,Austria,Production of fresh fuel elements (tHM),Tonnes of heavy metal,:
2021,Austria,Production of MOX fuel elements (tHM),Tonnes of heavy metal,:
2021,Austria,Production of uranium and plutonium in reprocessing plants (tHM),Tonnes of heavy metal,:
2021,Poland,Production of fresh fuel elements (tHM),Tonnes of heavy metal,:
2021,Poland,Production of MOX fuel elements (tHM),Tonnes of heavy metal,:
2021,Poland,Production of uranium and plutonium in reprocessing plants (tHM),Tonnes of heavy metal,:
2021,Portugal,Production of fresh fuel elements (tHM),Tonnes of heavy metal,:
2021,Portugal,Production of MOX fuel elements (tHM),Tonnes of heavy metal,:
2021,Portugal,Production of uranium and plutonium in reprocessing plants (tHM),Tonnes of heavy metal,:
2021,Romania,Production of fresh fuel elements (tHM),Tonnes of heavy metal,:
2021,Romania,Production of MOX fuel elements (tHM),Tonnes of heavy metal,:
2021,Romania,Production of uranium and plutonium in reprocessing plants (tHM),Tonnes of heavy metal,:
2021,Slovenia,Production of fresh fuel elements (tHM),Tonnes of heavy metal,:
2021,Slovenia,Production of MOX fuel elements (tHM),Tonnes of heavy metal,:
2021,Slovenia,Production of uranium and plutonium in reprocessing plants (tHM),Tonnes of heavy metal,:
2021,Slovakia,Production of fresh fuel elements (tHM),Tonnes of heavy metal,:
2021,Slovakia,Production of MOX fuel elements (tHM),Tonnes of heavy metal,:
2021,Slovakia,Production of uranium and plutonium in reprocessing plants (tHM),Tonnes of heavy metal,:
2021,Finland,Production of fresh fuel elements (tHM),Tonnes of heavy metal,:
2021,Finland,Production of MOX fuel elements (tHM),Tonnes of heavy metal,:
2021,Finland,Production of uranium and plutonium in reprocessing plants (tHM),Tonnes of heavy metal,:
2021,Sweden,Production of fresh fuel elements (tHM),Tonnes of heavy metal,:
2021,Sweden,Production of MOX fuel elements (tHM),Tonnes of heavy metal,:
2021,Sweden,Production of uranium and plutonium in reprocessing plants (tHM),Tonnes of heavy metal,: