Time,GEO,Plant_Tec,Unit,Value,Latitude,Longitude
2012,Belgium,Production of fresh fuel elements (tHM),Tonnes of heavy metal,29,50.5039,4.4699
2012,Belgium,Production of MOX fuel elements (tHM),Tonnes of heavy metal,16.4,50.5039,4.4699
2012,Belgium,Production of uranium and plutonium in reprocessing plants (tHM),Tonnes of heavy metal,0,50.5039,4.4699
2012,Bulgaria,Production of fresh fuel elements (tHM),Tonnes of heavy metal,,42.7339,25.4858
2012,Bulgaria,Production of MOX fuel elements (tHM),Tonnes of heavy metal,,42.7339,25.4858
2012,Bulgaria,Production of uranium and plutonium in reprocessing plants (tHM),Tonnes of heavy metal,,42.7339,25.4858
2012,Czechia,Production of fresh fuel elements (tHM),Tonnes of heavy metal,0,49.817492,15.472962
2012,Czechia,Production of MOX fuel elements (tHM),Tonnes of heavy metal,0,49.817492,15.472962
2012,Czechia,Production of uranium and plutonium in reprocessing plants (tHM),Tonnes of heavy metal,0,49.817492,15.472962
2012,Denmark,Production of fresh fuel elements (tHM),Tonnes of heavy metal,0,56.2639,9.5018
2012,Denmark,Production of MOX fuel elements (tHM),Tonnes of heavy metal,0,56.2639,9.5018
2012,Denmark,Production of uranium and plutonium in reprocessing plants (tHM),Tonnes of heavy metal,0,56.2639,9.5018
2012,Germany,Production of fresh fuel elements (tHM),Tonnes of heavy metal,396.7,51.1657,10.4515
2012,Germany,Production of MOX fuel elements (tHM),Tonnes of heavy metal,,51.1657,10.4515
2012,Germany,Production of uranium and plutonium in reprocessing plants (tHM),Tonnes of heavy metal,,51.1657,10.4515
2012,Estonia,Production of fresh fuel elements (tHM),Tonnes of heavy metal,0,58.5953,25.0136
2012,Estonia,Production of MOX fuel elements (tHM),Tonnes of heavy metal,0,58.5953,25.0136
2012,Estonia,Production of uranium and plutonium in reprocessing plants (tHM),Tonnes of heavy metal,0,58.5953,25.0136
2012,Ireland,Production of fresh fuel elements (tHM),Tonnes of heavy metal,,53.4129,-8.2439
2012,Ireland,Production of MOX fuel elements (tHM),Tonnes of heavy metal,,53.4129,-8.2439
2012,Ireland,Production of uranium and plutonium in reprocessing plants (tHM),Tonnes of heavy metal,,53.4129,-8.2439
2012,Greece,Production of fresh fuel elements (tHM),Tonnes of heavy metal,0,39.0742,21.8243
2012,Greece,Production of MOX fuel elements (tHM),Tonnes of heavy metal,0,39.0742,21.8243
2012,Greece,Production of uranium and plutonium in reprocessing plants (tHM),Tonnes of heavy metal,0,39.0742,21.8243
2012,Spain,Production of fresh fuel elements (tHM),Tonnes of heavy metal,357.4,40.4637,-3.7492
2012,Spain,Production of MOX fuel elements (tHM),Tonnes of heavy metal,,40.4637,-3.7492
2012,Spain,Production of uranium and plutonium in reprocessing plants (tHM),Tonnes of heavy metal,,40.4637,-3.7492
2012,France,Production of fresh fuel elements (tHM),Tonnes of heavy metal,674,46.2276,2.2137
2012,France,Production of MOX fuel elements (tHM),Tonnes of heavy metal,150,46.2276,2.2137
2012,France,Production of uranium and plutonium in reprocessing plants (tHM),Tonnes of heavy metal,1023,46.2276,2.2137
2012,Croatia,Production of fresh fuel elements (tHM),Tonnes of heavy metal,0,45.1,15.2
2012,Croatia,Production of MOX fuel elements (tHM),Tonnes of heavy metal,0,45.1,15.2
2012,Croatia,Production of uranium and plutonium in reprocessing plants (tHM),Tonnes of heavy metal,0,45.1,15.2
2012,Italy,Production of fresh fuel elements (tHM),Tonnes of heavy metal,,41.8719,12.5674
2012,Italy,Production of MOX fuel elements (tHM),Tonnes of heavy metal,,41.8719,12.5674
2012,Italy,Production of uranium and plutonium in reprocessing plants (tHM),Tonnes of heavy metal,,41.8719,12.5674
2012,Cyprus,Production of fresh fuel elements (tHM),Tonnes of heavy metal,0,35.1264,33.4299
2012,Cyprus,Production of MOX fuel elements (tHM),Tonnes of heavy metal,0,35.1264,33.4299
2012,Cyprus,Production of uranium and plutonium in reprocessing plants (tHM),Tonnes of heavy metal,0,35.1264,33.4299
2012,Latvia,Production of fresh fuel elements (tHM),Tonnes of heavy metal,,56.8796,24.6032
2012,Latvia,Production of MOX fuel elements (tHM),Tonnes of heavy metal,,56.8796,24.6032
2012,Latvia,Production of uranium and plutonium in reprocessing plants (tHM),Tonnes of heavy metal,,56.8796,24.6032
2012,Lithuania,Production of fresh fuel elements (tHM),Tonnes of heavy metal,,55.1694,23.8813
2012,Lithuania,Production of MOX fuel elements (tHM),Tonnes of heavy metal,,55.1694,23.8813
2012,Lithuania,Production of uranium and plutonium in reprocessing plants (tHM),Tonnes of heavy metal,,55.1694,23.8813
2012,Luxembourg,Production of fresh fuel elements (tHM),Tonnes of heavy metal,,49.8153,6.1296
2012,Luxembourg,Production of MOX fuel elements (tHM),Tonnes of heavy metal,,49.8153,6.1296
2012,Luxembourg,Production of uranium and plutonium in reprocessing plants (tHM),Tonnes of heavy metal,,49.8153,6.1296
2012,Hungary,Production of fresh fuel elements (tHM),Tonnes of heavy metal,,47.1625,19.5033
2012,Hungary,Production of MOX fuel elements (tHM),Tonnes of heavy metal,,47.1625,19.5033
2012,Hungary,Production of uranium and plutonium in reprocessing plants (tHM),Tonnes of heavy metal,,47.1625,19.5033
2012,Malta,Production of fresh fuel elements (tHM),Tonnes of heavy metal,,35.9375,14.3754
2012,Malta,Production of MOX fuel elements (tHM),Tonnes of heavy metal,,35.9375,14.3754
2012,Malta,Production of uranium and plutonium in reprocessing plants (tHM),Tonnes of heavy metal,,35.9375,14.3754
2012,Netherlands,Production of fresh fuel elements (tHM),Tonnes of heavy metal,,52.1326,5.2913
2012,Netherlands,Production of MOX fuel elements (tHM),Tonnes of heavy metal,,52.1326,5.2913
2012,Netherlands,Production of uranium and plutonium in reprocessing plants (tHM),Tonnes of heavy metal,,52.1326,5.2913
2012,Austria,Production of fresh fuel elements (tHM),Tonnes of heavy metal,,47.5162,14.5501
2012,Austria,Production of MOX fuel elements (tHM),Tonnes of heavy metal,,47.5162,14.5501
2012,Austria,Production of uranium and plutonium in reprocessing plants (tHM),Tonnes of heavy metal,,47.5162,14.5501
2012,Poland,Production of fresh fuel elements (tHM),Tonnes of heavy metal,,51.9194,19.1451
2012,Poland,Production of MOX fuel elements (tHM),Tonnes of heavy metal,,51.9194,19.1451
2012,Poland,Production of uranium and plutonium in reprocessing plants (tHM),Tonnes of heavy metal,,51.9194,19.1451
2012,Portugal,Production of fresh fuel elements (tHM),Tonnes of heavy metal,,39.3999,-8.2245
2012,Portugal,Production of MOX fuel elements (tHM),Tonnes of heavy metal,,39.3999,-8.2245
2012,Portugal,Production of uranium and plutonium in reprocessing plants (tHM),Tonnes of heavy metal,,39.3999,-8.2245
2012,Romania,Production of fresh fuel elements (tHM),Tonnes of heavy metal,194.54,45.9432,24.9668
2012,Romania,Production of MOX fuel elements (tHM),Tonnes of heavy metal,,45.9432,24.9668
2012,Romania,Production of uranium and plutonium in reprocessing plants (tHM),Tonnes of heavy metal,,45.9432,24.9668
2012,Slovenia,Production of fresh fuel elements (tHM),Tonnes of heavy metal,,46.1512,14.9955
2012,Slovenia,Production of MOX fuel elements (tHM),Tonnes of heavy metal,,46.1512,14.9955
2012,Slovenia,Production of uranium and plutonium in reprocessing plants (tHM),Tonnes of heavy metal,,46.1512,14.9955
2012,Slovakia,Production of fresh fuel elements (tHM),Tonnes of heavy metal,,48.669,19.699
2012,Slovakia,Production of MOX fuel elements (tHM),Tonnes of heavy metal,,48.669,19.699
2012,Slovakia,Production of uranium and plutonium in reprocessing plants (tHM),Tonnes of heavy metal,,48.669,19.699
2012,Finland,Production of fresh fuel elements (tHM),Tonnes of heavy metal,,61.9241,25.7482
2012,Finland,Production of MOX fuel elements (tHM),Tonnes of heavy metal,,61.9241,25.7482
2012,Finland,Production of uranium and plutonium in reprocessing plants (tHM),Tonnes of heavy metal,,61.9241,25.7482
2012,Sweden,Production of fresh fuel elements (tHM),Tonnes of heavy metal,459,58.838609,14.812291
2012,Sweden,Production of MOX fuel elements (tHM),Tonnes of heavy metal,,58.838609,14.812291
2012,Sweden,Production of uranium and plutonium in reprocessing plants (tHM),Tonnes of heavy metal,,58.838609,14.812291
2012,United Kingdom,Production of fresh fuel elements (tHM),Tonnes of heavy metal,185,55.3781,-3.436
2012,United Kingdom,Production of MOX fuel elements (tHM),Tonnes of heavy metal,0,55.3781,-3.436
2012,United Kingdom,Production of uranium and plutonium in reprocessing plants (tHM),Tonnes of heavy metal,699,55.3781,-3.436
2013,Belgium,Production of fresh fuel elements (tHM),Tonnes of heavy metal,0,50.5039,4.4699
2013,Belgium,Production of MOX fuel elements (tHM),Tonnes of heavy metal,8,50.5039,4.4699
2013,Belgium,Production of uranium and plutonium in reprocessing plants (tHM),Tonnes of heavy metal,0,50.5039,4.4699
2013,Bulgaria,Production of fresh fuel elements (tHM),Tonnes of heavy metal,,42.7339,25.4858
2013,Bulgaria,Production of MOX fuel elements (tHM),Tonnes of heavy metal,,42.7339,25.4858
2013,Bulgaria,Production of uranium and plutonium in reprocessing plants (tHM),Tonnes of heavy metal,,42.7339,25.4858
2013,Czechia,Production of fresh fuel elements (tHM),Tonnes of heavy metal,0,49.817492,15.472962
2013,Czechia,Production of MOX fuel elements (tHM),Tonnes of heavy metal,0,49.817492,15.472962
2013,Czechia,Production of uranium and plutonium in reprocessing plants (tHM),Tonnes of heavy metal,0,49.817492,15.472962
2013,Denmark,Production of fresh fuel elements (tHM),Tonnes of heavy metal,0,56.2639,9.5018
2013,Denmark,Production of MOX fuel elements (tHM),Tonnes of heavy metal,0,56.2639,9.5018
2013,Denmark,Production of uranium and plutonium in reprocessing plants (tHM),Tonnes of heavy metal,0,56.2639,9.5018
2013,Germany,Production of fresh fuel elements (tHM),Tonnes of heavy metal,250.6,51.1657,10.4515
2013,Germany,Production of MOX fuel elements (tHM),Tonnes of heavy metal,,51.1657,10.4515
2013,Germany,Production of uranium and plutonium in reprocessing plants (tHM),Tonnes of heavy metal,,51.1657,10.4515
2013,Estonia,Production of fresh fuel elements (tHM),Tonnes of heavy metal,0,58.5953,25.0136
2013,Estonia,Production of MOX fuel elements (tHM),Tonnes of heavy metal,0,58.5953,25.0136
2013,Estonia,Production of uranium and plutonium in reprocessing plants (tHM),Tonnes of heavy metal,0,58.5953,25.0136
2013,Ireland,Production of fresh fuel elements (tHM),Tonnes of heavy metal,,53.4129,-8.2439
2013,Ireland,Production of MOX fuel elements (tHM),Tonnes of heavy metal,,53.4129,-8.2439
2013,Ireland,Production of uranium and plutonium in reprocessing plants (tHM),Tonnes of heavy metal,,53.4129,-8.2439
2013,Greece,Production of fresh fuel elements (tHM),Tonnes of heavy metal,0,39.0742,21.8243
2013,Greece,Production of MOX fuel elements (tHM),Tonnes of heavy metal,0,39.0742,21.8243
2013,Greece,Production of uranium and plutonium in reprocessing plants (tHM),Tonnes of heavy metal,0,39.0742,21.8243
2013,Spain,Production of fresh fuel elements (tHM),Tonnes of heavy metal,344.6,40.4637,-3.7492
2013,Spain,Production of MOX fuel elements (tHM),Tonnes of heavy metal,,40.4637,-3.7492
2013,Spain,Production of uranium and plutonium in reprocessing plants (tHM),Tonnes of heavy metal,,40.4637,-3.7492
2013,France,Production of fresh fuel elements (tHM),Tonnes of heavy metal,694,46.2276,2.2137
2013,France,Production of MOX fuel elements (tHM),Tonnes of heavy metal,124,46.2276,2.2137
2013,France,Production of uranium and plutonium in reprocessing plants (tHM),Tonnes of heavy metal,1172,46.2276,2.2137
2013,Croatia,Production of fresh fuel elements (tHM),Tonnes of heavy metal,0,45.1,15.2
2013,Croatia,Production of MOX fuel elements (tHM),Tonnes of heavy metal,0,45.1,15.2
2013,Croatia,Production of uranium and plutonium in reprocessing plants (tHM),Tonnes of heavy metal,0,45.1,15.2
2013,Italy,Production of fresh fuel elements (tHM),Tonnes of heavy metal,,41.8719,12.5674
2013,Italy,Production of MOX fuel elements (tHM),Tonnes of heavy metal,,41.8719,12.5674
2013,Italy,Production of uranium and plutonium in reprocessing plants (tHM),Tonnes of heavy metal,,41.8719,12.5674
2013,Cyprus,Production of fresh fuel elements (tHM),Tonnes of heavy metal,0,35.1264,33.4299
2013,Cyprus,Production of MOX fuel elements (tHM),Tonnes of heavy metal,0,35.1264,33.4299
2013,Cyprus,Production of uranium and plutonium in reprocessing plants (tHM),Tonnes of heavy metal,0,35.1264,33.4299
2013,Latvia,Production of fresh fuel elements (tHM),Tonnes of heavy metal,,56.8796,24.6032
2013,Latvia,Production of MOX fuel elements (tHM),Tonnes of heavy metal,,56.8796,24.6032
2013,Latvia,Production of uranium and plutonium in reprocessing plants (tHM),Tonnes of heavy metal,,56.8796,24.6032
2013,Lithuania,Production of fresh fuel elements (tHM),Tonnes of heavy metal,,55.1694,23.8813
2013,Lithuania,Production of MOX fuel elements (tHM),Tonnes of heavy metal,,55.1694,23.8813
2013,Lithuania,Production of uranium and plutonium in reprocessing plants (tHM),Tonnes of heavy metal,,55.1694,23.8813
2013,Luxembourg,Production of fresh fuel elements (tHM),Tonnes of heavy metal,,49.8153,6.1296
2013,Luxembourg,Production of MOX fuel elements (tHM),Tonnes of heavy metal,,49.8153,6.1296
2013,Luxembourg,Production of uranium and plutonium in reprocessing plants (tHM),Tonnes of heavy metal,,49.8153,6.1296
2013,Hungary,Production of fresh fuel elements (tHM),Tonnes of heavy metal,,47.1625,19.5033
2013,Hungary,Production of MOX fuel elements (tHM),Tonnes of heavy metal,,47.1625,19.5033
2013,Hungary,Production of uranium and plutonium in reprocessing plants (tHM),Tonnes of heavy metal,,47.1625,19.5033
2013,Malta,Production of fresh fuel elements (tHM),Tonnes of heavy metal,,35.9375,14.3754
2013,Malta,Production of MOX fuel elements (tHM),Tonnes of heavy metal,,35.9375,14.3754
2013,Malta,Production of uranium and plutonium in reprocessing plants (tHM),Tonnes of heavy metal,,35.9375,14.3754
2013,Netherlands,Production of fresh fuel elements (tHM),Tonnes of heavy metal,,52.1326,5.2913
2013,Netherlands,Production of MOX fuel elements (tHM),Tonnes of heavy metal,,52.1326,5.2913
2013,Netherlands,Production of uranium and plutonium in reprocessing plants (tHM),Tonnes of heavy metal,,52.1326,5.2913
2013,Austria,Production of fresh fuel elements (tHM),Tonnes of heavy metal,,47.5162,14.5501
2013,Austria,Production of MOX fuel elements (tHM),Tonnes of heavy metal,,47.5162,14.5501
2013,Austria,Production of uranium and plutonium in reprocessing plants (tHM),Tonnes of heavy metal,,47.5162,14.5501
2013,Poland,Production of fresh fuel elements (tHM),Tonnes of heavy metal,,51.9194,19.1451
2013,Poland,Production of MOX fuel elements (tHM),Tonnes of heavy metal,,51.9194,19.1451
2013,Poland,Production of uranium and plutonium in reprocessing plants (tHM),Tonnes of heavy metal,,51.9194,19.1451
2013,Portugal,Production of fresh fuel elements (tHM),Tonnes of heavy metal,,39.3999,-8.2245
2013,Portugal,Production of MOX fuel elements (tHM),Tonnes of heavy metal,,39.3999,-8.2245
2013,Portugal,Production of uranium and plutonium in reprocessing plants (tHM),Tonnes of heavy metal,,39.3999,-8.2245
2013,Romania,Production of fresh fuel elements (tHM),Tonnes of heavy metal,208.4,45.9432,24.9668
2013,Romania,Production of MOX fuel elements (tHM),Tonnes of heavy metal,,45.9432,24.9668
2013,Romania,Production of uranium and plutonium in reprocessing plants (tHM),Tonnes of heavy metal,,45.9432,24.9668
2013,Slovenia,Production of fresh fuel elements (tHM),Tonnes of heavy metal,,46.1512,14.9955
2013,Slovenia,Production of MOX fuel elements (tHM),Tonnes of heavy metal,,46.1512,14.9955
2013,Slovenia,Production of uranium and plutonium in reprocessing plants (tHM),Tonnes of heavy metal,,46.1512,14.9955
2013,Slovakia,Production of fresh fuel elements (tHM),Tonnes of heavy metal,,48.669,19.699
2013,Slovakia,Production of MOX fuel elements (tHM),Tonnes of heavy metal,,48.669,19.699
2013,Slovakia,Production of uranium and plutonium in reprocessing plants (tHM),Tonnes of heavy metal,,48.669,19.699
2013,Finland,Production of fresh fuel elements (tHM),Tonnes of heavy metal,,61.9241,25.7482
2013,Finland,Production of MOX fuel elements (tHM),Tonnes of heavy metal,,61.9241,25.7482
2013,Finland,Production of uranium and plutonium in reprocessing plants (tHM),Tonnes of heavy metal,,61.9241,25.7482
2013,Sweden,Production of fresh fuel elements (tHM),Tonnes of heavy metal,552,58.838609,14.812291
2013,Sweden,Production of MOX fuel elements (tHM),Tonnes of heavy metal,,58.838609,14.812291
2013,Sweden,Production of uranium and plutonium in reprocessing plants (tHM),Tonnes of heavy metal,,58.838609,14.812291
2013,United Kingdom,Production of fresh fuel elements (tHM),Tonnes of heavy metal,176,55.3781,-3.436
2013,United Kingdom,Production of MOX fuel elements (tHM),Tonnes of heavy metal,0,55.3781,-3.436
2013,United Kingdom,Production of uranium and plutonium in reprocessing plants (tHM),Tonnes of heavy metal,823,55.3781,-3.436
2014,Belgium,Production of fresh fuel elements (tHM),Tonnes of heavy metal,0,50.5039,4.4699
2014,Belgium,Production of MOX fuel elements (tHM),Tonnes of heavy metal,13.9,50.5039,4.4699
2014,Belgium,Production of uranium and plutonium in reprocessing plants (tHM),Tonnes of heavy metal,0,50.5039,4.4699
2014,Bulgaria,Production of fresh fuel elements (tHM),Tonnes of heavy metal,,42.7339,25.4858
2014,Bulgaria,Production of MOX fuel elements (tHM),Tonnes of heavy metal,,42.7339,25.4858
2014,Bulgaria,Production of uranium and plutonium in reprocessing plants (tHM),Tonnes of heavy metal,,42.7339,25.4858
2014,Czechia,Production of fresh fuel elements (tHM),Tonnes of heavy metal,0,49.817492,15.472962
2014,Czechia,Production of MOX fuel elements (tHM),Tonnes of heavy metal,0,49.817492,15.472962
2014,Czechia,Production of uranium and plutonium in reprocessing plants (tHM),Tonnes of heavy metal,0,49.817492,15.472962
2014,Denmark,Production of fresh fuel elements (tHM),Tonnes of heavy metal,0,56.2639,9.5018
2014,Denmark,Production of MOX fuel elements (tHM),Tonnes of heavy metal,0,56.2639,9.5018
2014,Denmark,Production of uranium and plutonium in reprocessing plants (tHM),Tonnes of heavy metal,0,56.2639,9.5018
2014,Germany,Production of fresh fuel elements (tHM),Tonnes of heavy metal,307.7,51.1657,10.4515
2014,Germany,Production of MOX fuel elements (tHM),Tonnes of heavy metal,,51.1657,10.4515
2014,Germany,Production of uranium and plutonium in reprocessing plants (tHM),Tonnes of heavy metal,,51.1657,10.4515
2014,Estonia,Production of fresh fuel elements (tHM),Tonnes of heavy metal,0,58.5953,25.0136
2014,Estonia,Production of MOX fuel elements (tHM),Tonnes of heavy metal,0,58.5953,25.0136
2014,Estonia,Production of uranium and plutonium in reprocessing plants (tHM),Tonnes of heavy metal,0,58.5953,25.0136
2014,Ireland,Production of fresh fuel elements (tHM),Tonnes of heavy metal,,53.4129,-8.2439
2014,Ireland,Production of MOX fuel elements (tHM),Tonnes of heavy metal,,53.4129,-8.2439
2014,Ireland,Production of uranium and plutonium in reprocessing plants (tHM),Tonnes of heavy metal,,53.4129,-8.2439
2014,Greece,Production of fresh fuel elements (tHM),Tonnes of heavy metal,0,39.0742,21.8243
2014,Greece,Production of MOX fuel elements (tHM),Tonnes of heavy metal,0,39.0742,21.8243
2014,Greece,Production of uranium and plutonium in reprocessing plants (tHM),Tonnes of heavy metal,0,39.0742,21.8243
2014,Spain,Production of fresh fuel elements (tHM),Tonnes of heavy metal,324.8,40.4637,-3.7492
2014,Spain,Production of MOX fuel elements (tHM),Tonnes of heavy metal,,40.4637,-3.7492
2014,Spain,Production of uranium and plutonium in reprocessing plants (tHM),Tonnes of heavy metal,,40.4637,-3.7492
2014,France,Production of fresh fuel elements (tHM),Tonnes of heavy metal,643,46.2276,2.2137
2014,France,Production of MOX fuel elements (tHM),Tonnes of heavy metal,134,46.2276,2.2137
2014,France,Production of uranium and plutonium in reprocessing plants (tHM),Tonnes of heavy metal,1217,46.2276,2.2137
2014,Croatia,Production of fresh fuel elements (tHM),Tonnes of heavy metal,0,45.1,15.2
2014,Croatia,Production of MOX fuel elements (tHM),Tonnes of heavy metal,0,45.1,15.2
2014,Croatia,Production of uranium and plutonium in reprocessing plants (tHM),Tonnes of heavy metal,0,45.1,15.2
2014,Italy,Production of fresh fuel elements (tHM),Tonnes of heavy metal,,41.8719,12.5674
2014,Italy,Production of MOX fuel elements (tHM),Tonnes of heavy metal,,41.8719,12.5674
2014,Italy,Production of uranium and plutonium in reprocessing plants (tHM),Tonnes of heavy metal,,41.8719,12.5674
2014,Cyprus,Production of fresh fuel elements (tHM),Tonnes of heavy metal,0,35.1264,33.4299
2014,Cyprus,Production of MOX fuel elements (tHM),Tonnes of heavy metal,0,35.1264,33.4299
2014,Cyprus,Production of uranium and plutonium in reprocessing plants (tHM),Tonnes of heavy metal,0,35.1264,33.4299
2014,Latvia,Production of fresh fuel elements (tHM),Tonnes of heavy metal,,56.8796,24.6032
2014,Latvia,Production of MOX fuel elements (tHM),Tonnes of heavy metal,,56.8796,24.6032
2014,Latvia,Production of uranium and plutonium in reprocessing plants (tHM),Tonnes of heavy metal,,56.8796,24.6032
2014,Lithuania,Production of fresh fuel elements (tHM),Tonnes of heavy metal,,55.1694,23.8813
2014,Lithuania,Production of MOX fuel elements (tHM),Tonnes of heavy metal,,55.1694,23.8813
2014,Lithuania,Production of uranium and plutonium in reprocessing plants (tHM),Tonnes of heavy metal,,55.1694,23.8813
2014,Luxembourg,Production of fresh fuel elements (tHM),Tonnes of heavy metal,,49.8153,6.1296
2014,Luxembourg,Production of MOX fuel elements (tHM),Tonnes of heavy metal,,49.8153,6.1296
2014,Luxembourg,Production of uranium and plutonium in reprocessing plants (tHM),Tonnes of heavy metal,,49.8153,6.1296
2014,Hungary,Production of fresh fuel elements (tHM),Tonnes of heavy metal,,47.1625,19.5033
2014,Hungary,Production of MOX fuel elements (tHM),Tonnes of heavy metal,,47.1625,19.5033
2014,Hungary,Production of uranium and plutonium in reprocessing plants (tHM),Tonnes of heavy metal,,47.1625,19.5033
2014,Malta,Production of fresh fuel elements (tHM),Tonnes of heavy metal,,35.9375,14.3754
2014,Malta,Production of MOX fuel elements (tHM),Tonnes of heavy metal,,35.9375,14.3754
2014,Malta,Production of uranium and plutonium in reprocessing plants (tHM),Tonnes of heavy metal,,35.9375,14.3754
2014,Netherlands,Production of fresh fuel elements (tHM),Tonnes of heavy metal,,52.1326,5.2913
2014,Netherlands,Production of MOX fuel elements (tHM),Tonnes of heavy metal,,52.1326,5.2913
2014,Netherlands,Production of uranium and plutonium in reprocessing plants (tHM),Tonnes of heavy metal,,52.1326,5.2913
2014,Austria,Production of fresh fuel elements (tHM),Tonnes of heavy metal,,47.5162,14.5501
2014,Austria,Production of MOX fuel elements (tHM),Tonnes of heavy metal,,47.5162,14.5501
2014,Austria,Production of uranium and plutonium in reprocessing plants (tHM),Tonnes of heavy metal,,47.5162,14.5501
2014,Poland,Production of fresh fuel elements (tHM),Tonnes of heavy metal,,51.9194,19.1451
2014,Poland,Production of MOX fuel elements (tHM),Tonnes of heavy metal,,51.9194,19.1451
2014,Poland,Production of uranium and plutonium in reprocessing plants (tHM),Tonnes of heavy metal,,51.9194,19.1451
2014,Portugal,Production of fresh fuel elements (tHM),Tonnes of heavy metal,,39.3999,-8.2245
2014,Portugal,Production of MOX fuel elements (tHM),Tonnes of heavy metal,,39.3999,-8.2245
2014,Portugal,Production of uranium and plutonium in reprocessing plants (tHM),Tonnes of heavy metal,,39.3999,-8.2245
2014,Romania,Production of fresh fuel elements (tHM),Tonnes of heavy metal,201.3,45.9432,24.9668
2014,Romania,Production of MOX fuel elements (tHM),Tonnes of heavy metal,,45.9432,24.9668
2014,Romania,Production of uranium and plutonium in reprocessing plants (tHM),Tonnes of heavy metal,,45.9432,24.9668
2014,Slovenia,Production of fresh fuel elements (tHM),Tonnes of heavy metal,,46.1512,14.9955
2014,Slovenia,Production of MOX fuel elements (tHM),Tonnes of heavy metal,,46.1512,14.9955
2014,Slovenia,Production of uranium and plutonium in reprocessing plants (tHM),Tonnes of heavy metal,,46.1512,14.9955
2014,Slovakia,Production of fresh fuel elements (tHM),Tonnes of heavy metal,,48.669,19.699
2014,Slovakia,Production of MOX fuel elements (tHM),Tonnes of heavy metal,,48.669,19.699
2014,Slovakia,Production of uranium and plutonium in reprocessing plants (tHM),Tonnes of heavy metal,,48.669,19.699
2014,Finland,Production of fresh fuel elements (tHM),Tonnes of heavy metal,,61.9241,25.7482
2014,Finland,Production of MOX fuel elements (tHM),Tonnes of heavy metal,,61.9241,25.7482
2014,Finland,Production of uranium and plutonium in reprocessing plants (tHM),Tonnes of heavy metal,,61.9241,25.7482
2014,Sweden,Production of fresh fuel elements (tHM),Tonnes of heavy metal,470,58.838609,14.812291
2014,Sweden,Production of MOX fuel elements (tHM),Tonnes of heavy metal,,58.838609,14.812291
2014,Sweden,Production of uranium and plutonium in reprocessing plants (tHM),Tonnes of heavy metal,,58.838609,14.812291
2014,United Kingdom,Production of fresh fuel elements (tHM),Tonnes of heavy metal,183,55.3781,-3.436
2014,United Kingdom,Production of MOX fuel elements (tHM),Tonnes of heavy metal,0,55.3781,-3.436
2014,United Kingdom,Production of uranium and plutonium in reprocessing plants (tHM),Tonnes of heavy metal,898,55.3781,-3.436
2015,Belgium,Production of fresh fuel elements (tHM),Tonnes of heavy metal,0,50.5039,4.4699
2015,Belgium,Production of MOX fuel elements (tHM),Tonnes of heavy metal,12.8,50.5039,4.4699
2015,Belgium,Production of uranium and plutonium in reprocessing plants (tHM),Tonnes of heavy metal,0,50.5039,4.4699
2015,Bulgaria,Production of fresh fuel elements (tHM),Tonnes of heavy metal,,42.7339,25.4858
2015,Bulgaria,Production of MOX fuel elements (tHM),Tonnes of heavy metal,,42.7339,25.4858
2015,Bulgaria,Production of uranium and plutonium in reprocessing plants (tHM),Tonnes of heavy metal,,42.7339,25.4858
2015,Czechia,Production of fresh fuel elements (tHM),Tonnes of heavy metal,0,49.817492,15.472962
2015,Czechia,Production of MOX fuel elements (tHM),Tonnes of heavy metal,0,49.817492,15.472962
2015,Czechia,Production of uranium and plutonium in reprocessing plants (tHM),Tonnes of heavy metal,0,49.817492,15.472962
2015,Denmark,Production of fresh fuel elements (tHM),Tonnes of heavy metal,0,56.2639,9.5018
2015,Denmark,Production of MOX fuel elements (tHM),Tonnes of heavy metal,0,56.2639,9.5018
2015,Denmark,Production of uranium and plutonium in reprocessing plants (tHM),Tonnes of heavy metal,0,56.2639,9.5018
2015,Germany,Production of fresh fuel elements (tHM),Tonnes of heavy metal,232.5,51.1657,10.4515
2015,Germany,Production of MOX fuel elements (tHM),Tonnes of heavy metal,,51.1657,10.4515
2015,Germany,Production of uranium and plutonium in reprocessing plants (tHM),Tonnes of heavy metal,,51.1657,10.4515
2015,Estonia,Production of fresh fuel elements (tHM),Tonnes of heavy metal,0,58.5953,25.0136
2015,Estonia,Production of MOX fuel elements (tHM),Tonnes of heavy metal,0,58.5953,25.0136
2015,Estonia,Production of uranium and plutonium in reprocessing plants (tHM),Tonnes of heavy metal,0,58.5953,25.0136
2015,Ireland,Production of fresh fuel elements (tHM),Tonnes of heavy metal,,53.4129,-8.2439
2015,Ireland,Production of MOX fuel elements (tHM),Tonnes of heavy metal,,53.4129,-8.2439
2015,Ireland,Production of uranium and plutonium in reprocessing plants (tHM),Tonnes of heavy metal,,53.4129,-8.2439
2015,Greece,Production of fresh fuel elements (tHM),Tonnes of heavy metal,0,39.0742,21.8243
2015,Greece,Production of MOX fuel elements (tHM),Tonnes of heavy metal,0,39.0742,21.8243
2015,Greece,Production of uranium and plutonium in reprocessing plants (tHM),Tonnes of heavy metal,0,39.0742,21.8243
2015,Spain,Production of fresh fuel elements (tHM),Tonnes of heavy metal,347.2,40.4637,-3.7492
2015,Spain,Production of MOX fuel elements (tHM),Tonnes of heavy metal,,40.4637,-3.7492
2015,Spain,Production of uranium and plutonium in reprocessing plants (tHM),Tonnes of heavy metal,,40.4637,-3.7492
2015,France,Production of fresh fuel elements (tHM),Tonnes of heavy metal,618,46.2276,2.2137
2015,France,Production of MOX fuel elements (tHM),Tonnes of heavy metal,125,46.2276,2.2137
2015,France,Production of uranium and plutonium in reprocessing plants (tHM),Tonnes of heavy metal,1205,46.2276,2.2137
2015,Croatia,Production of fresh fuel elements (tHM),Tonnes of heavy metal,0,45.1,15.2
2015,Croatia,Production of MOX fuel elements (tHM),Tonnes of heavy metal,0,45.1,15.2
2015,Croatia,Production of uranium and plutonium in reprocessing plants (tHM),Tonnes of heavy metal,0,45.1,15.2
2015,Italy,Production of fresh fuel elements (tHM),Tonnes of heavy metal,,41.8719,12.5674
2015,Italy,Production of MOX fuel elements (tHM),Tonnes of heavy metal,,41.8719,12.5674
2015,Italy,Production of uranium and plutonium in reprocessing plants (tHM),Tonnes of heavy metal,,41.8719,12.5674
2015,Cyprus,Production of fresh fuel elements (tHM),Tonnes of heavy metal,0,35.1264,33.4299
2015,Cyprus,Production of MOX fuel elements (tHM),Tonnes of heavy metal,0,35.1264,33.4299
2015,Cyprus,Production of uranium and plutonium in reprocessing plants (tHM),Tonnes of heavy metal,0,35.1264,33.4299
2015,Latvia,Production of fresh fuel elements (tHM),Tonnes of heavy metal,,56.8796,24.6032
2015,Latvia,Production of MOX fuel elements (tHM),Tonnes of heavy metal,,56.8796,24.6032
2015,Latvia,Production of uranium and plutonium in reprocessing plants (tHM),Tonnes of heavy metal,,56.8796,24.6032
2015,Lithuania,Production of fresh fuel elements (tHM),Tonnes of heavy metal,,55.1694,23.8813
2015,Lithuania,Production of MOX fuel elements (tHM),Tonnes of heavy metal,,55.1694,23.8813
2015,Lithuania,Production of uranium and plutonium in reprocessing plants (tHM),Tonnes of heavy metal,,55.1694,23.8813
2015,Luxembourg,Production of fresh fuel elements (tHM),Tonnes of heavy metal,,49.8153,6.1296
2015,Luxembourg,Production of MOX fuel elements (tHM),Tonnes of heavy metal,,49.8153,6.1296
2015,Luxembourg,Production of uranium and plutonium in reprocessing plants (tHM),Tonnes of heavy metal,,49.8153,6.1296
2015,Hungary,Production of fresh fuel elements (tHM),Tonnes of heavy metal,,47.1625,19.5033
2015,Hungary,Production of MOX fuel elements (tHM),Tonnes of heavy metal,,47.1625,19.5033
2015,Hungary,Production of uranium and plutonium in reprocessing plants (tHM),Tonnes of heavy metal,,47.1625,19.5033
2015,Malta,Production of fresh fuel elements (tHM),Tonnes of heavy metal,,35.9375,14.3754
2015,Malta,Production of MOX fuel elements (tHM),Tonnes of heavy metal,,35.9375,14.3754
2015,Malta,Production of uranium and plutonium in reprocessing plants (tHM),Tonnes of heavy metal,,35.9375,14.3754
2015,Netherlands,Production of fresh fuel elements (tHM),Tonnes of heavy metal,,52.1326,5.2913
2015,Netherlands,Production of MOX fuel elements (tHM),Tonnes of heavy metal,,52.1326,5.2913
2015,Netherlands,Production of uranium and plutonium in reprocessing plants (tHM),Tonnes of heavy metal,,52.1326,5.2913
2015,Austria,Production of fresh fuel elements (tHM),Tonnes of heavy metal,,47.5162,14.5501
2015,Austria,Production of MOX fuel elements (tHM),Tonnes of heavy metal,,47.5162,14.5501
2015,Austria,Production of uranium and plutonium in reprocessing plants (tHM),Tonnes of heavy metal,,47.5162,14.5501
2015,Poland,Production of fresh fuel elements (tHM),Tonnes of heavy metal,,51.9194,19.1451
2015,Poland,Production of MOX fuel elements (tHM),Tonnes of heavy metal,,51.9194,19.1451
2015,Poland,Production of uranium and plutonium in reprocessing plants (tHM),Tonnes of heavy metal,,51.9194,19.1451
2015,Portugal,Production of fresh fuel elements (tHM),Tonnes of heavy metal,,39.3999,-8.2245
2015,Portugal,Production of MOX fuel elements (tHM),Tonnes of heavy metal,,39.3999,-8.2245
2015,Portugal,Production of uranium and plutonium in reprocessing plants (tHM),Tonnes of heavy metal,,39.3999,-8.2245
2015,Romania,Production of fresh fuel elements (tHM),Tonnes of heavy metal,224.4,45.9432,24.9668
2015,Romania,Production of MOX fuel elements (tHM),Tonnes of heavy metal,,45.9432,24.9668
2015,Romania,Production of uranium and plutonium in reprocessing plants (tHM),Tonnes of heavy metal,,45.9432,24.9668
2015,Slovenia,Production of fresh fuel elements (tHM),Tonnes of heavy metal,,46.1512,14.9955
2015,Slovenia,Production of MOX fuel elements (tHM),Tonnes of heavy metal,,46.1512,14.9955
2015,Slovenia,Production of uranium and plutonium in reprocessing plants (tHM),Tonnes of heavy metal,,46.1512,14.9955
2015,Slovakia,Production of fresh fuel elements (tHM),Tonnes of heavy metal,,48.669,19.699
2015,Slovakia,Production of MOX fuel elements (tHM),Tonnes of heavy metal,,48.669,19.699
2015,Slovakia,Production of uranium and plutonium in reprocessing plants (tHM),Tonnes of heavy metal,,48.669,19.699
2015,Finland,Production of fresh fuel elements (tHM),Tonnes of heavy metal,,61.9241,25.7482
2015,Finland,Production of MOX fuel elements (tHM),Tonnes of heavy metal,,61.9241,25.7482
2015,Finland,Production of uranium and plutonium in reprocessing plants (tHM),Tonnes of heavy metal,,61.9241,25.7482
2015,Sweden,Production of fresh fuel elements (tHM),Tonnes of heavy metal,482,58.838609,14.812291
2015,Sweden,Production of MOX fuel elements (tHM),Tonnes of heavy metal,,58.838609,14.812291
2015,Sweden,Production of uranium and plutonium in reprocessing plants (tHM),Tonnes of heavy metal,,58.838609,14.812291
2015,United Kingdom,Production of fresh fuel elements (tHM),Tonnes of heavy metal,164,55.3781,-3.436
2015,United Kingdom,Production of MOX fuel elements (tHM),Tonnes of heavy metal,0,55.3781,-3.436
2015,United Kingdom,Production of uranium and plutonium in reprocessing plants (tHM),Tonnes of heavy metal,790,55.3781,-3.436
2016,Belgium,Production of fresh fuel elements (tHM),Tonnes of heavy metal,0,50.5039,4.4699
2016,Belgium,Production of MOX fuel elements (tHM),Tonnes of heavy metal,0,50.5039,4.4699
2016,Belgium,Production of uranium and plutonium in reprocessing plants (tHM),Tonnes of heavy metal,0,50.5039,4.4699
2016,Bulgaria,Production of fresh fuel elements (tHM),Tonnes of heavy metal,,42.7339,25.4858
2016,Bulgaria,Production of MOX fuel elements (tHM),Tonnes of heavy metal,,42.7339,25.4858
2016,Bulgaria,Production of uranium and plutonium in reprocessing plants (tHM),Tonnes of heavy metal,,42.7339,25.4858
2016,Czechia,Production of fresh fuel elements (tHM),Tonnes of heavy metal,0,49.817492,15.472962
2016,Czechia,Production of MOX fuel elements (tHM),Tonnes of heavy metal,0,49.817492,15.472962
2016,Czechia,Production of uranium and plutonium in reprocessing plants (tHM),Tonnes of heavy metal,0,49.817492,15.472962
2016,Denmark,Production of fresh fuel elements (tHM),Tonnes of heavy metal,0,56.2639,9.5018
2016,Denmark,Production of MOX fuel elements (tHM),Tonnes of heavy metal,0,56.2639,9.5018
2016,Denmark,Production of uranium and plutonium in reprocessing plants (tHM),Tonnes of heavy metal,0,56.2639,9.5018
2016,Germany,Production of fresh fuel elements (tHM),Tonnes of heavy metal,249.6,51.1657,10.4515
2016,Germany,Production of MOX fuel elements (tHM),Tonnes of heavy metal,,51.1657,10.4515
2016,Germany,Production of uranium and plutonium in reprocessing plants (tHM),Tonnes of heavy metal,,51.1657,10.4515
2016,Estonia,Production of fresh fuel elements (tHM),Tonnes of heavy metal,0,58.5953,25.0136
2016,Estonia,Production of MOX fuel elements (tHM),Tonnes of heavy metal,0,58.5953,25.0136
2016,Estonia,Production of uranium and plutonium in reprocessing plants (tHM),Tonnes of heavy metal,0,58.5953,25.0136
2016,Ireland,Production of fresh fuel elements (tHM),Tonnes of heavy metal,,53.4129,-8.2439
2016,Ireland,Production of MOX fuel elements (tHM),Tonnes of heavy metal,,53.4129,-8.2439
2016,Ireland,Production of uranium and plutonium in reprocessing plants (tHM),Tonnes of heavy metal,,53.4129,-8.2439
2016,Greece,Production of fresh fuel elements (tHM),Tonnes of heavy metal,0,39.0742,21.8243
2016,Greece,Production of MOX fuel elements (tHM),Tonnes of heavy metal,0,39.0742,21.8243
2016,Greece,Production of uranium and plutonium in reprocessing plants (tHM),Tonnes of heavy metal,0,39.0742,21.8243
2016,Spain,Production of fresh fuel elements (tHM),Tonnes of heavy metal,272.5,40.4637,-3.7492
2016,Spain,Production of MOX fuel elements (tHM),Tonnes of heavy metal,,40.4637,-3.7492
2016,Spain,Production of uranium and plutonium in reprocessing plants (tHM),Tonnes of heavy metal,,40.4637,-3.7492
2016,France,Production of fresh fuel elements (tHM),Tonnes of heavy metal,630,46.2276,2.2137
2016,France,Production of MOX fuel elements (tHM),Tonnes of heavy metal,117,46.2276,2.2137
2016,France,Production of uranium and plutonium in reprocessing plants (tHM),Tonnes of heavy metal,1118,46.2276,2.2137
2016,Croatia,Production of fresh fuel elements (tHM),Tonnes of heavy metal,0,45.1,15.2
2016,Croatia,Production of MOX fuel elements (tHM),Tonnes of heavy metal,0,45.1,15.2
2016,Croatia,Production of uranium and plutonium in reprocessing plants (tHM),Tonnes of heavy metal,0,45.1,15.2
2016,Italy,Production of fresh fuel elements (tHM),Tonnes of heavy metal,,41.8719,12.5674
2016,Italy,Production of MOX fuel elements (tHM),Tonnes of heavy metal,,41.8719,12.5674
2016,Italy,Production of uranium and plutonium in reprocessing plants (tHM),Tonnes of heavy metal,,41.8719,12.5674
2016,Cyprus,Production of fresh fuel elements (tHM),Tonnes of heavy metal,0,35.1264,33.4299
2016,Cyprus,Production of MOX fuel elements (tHM),Tonnes of heavy metal,0,35.1264,33.4299
2016,Cyprus,Production of uranium and plutonium in reprocessing plants (tHM),Tonnes of heavy metal,0,35.1264,33.4299
2016,Latvia,Production of fresh fuel elements (tHM),Tonnes of heavy metal,,56.8796,24.6032
2016,Latvia,Production of MOX fuel elements (tHM),Tonnes of heavy metal,,56.8796,24.6032
2016,Latvia,Production of uranium and plutonium in reprocessing plants (tHM),Tonnes of heavy metal,,56.8796,24.6032
2016,Lithuania,Production of fresh fuel elements (tHM),Tonnes of heavy metal,,55.1694,23.8813
2016,Lithuania,Production of MOX fuel elements (tHM),Tonnes of heavy metal,,55.1694,23.8813
2016,Lithuania,Production of uranium and plutonium in reprocessing plants (tHM),Tonnes of heavy metal,,55.1694,23.8813
2016,Luxembourg,Production of fresh fuel elements (tHM),Tonnes of heavy metal,,49.8153,6.1296
2016,Luxembourg,Production of MOX fuel elements (tHM),Tonnes of heavy metal,,49.8153,6.1296
2016,Luxembourg,Production of uranium and plutonium in reprocessing plants (tHM),Tonnes of heavy metal,,49.8153,6.1296
2016,Hungary,Production of fresh fuel elements (tHM),Tonnes of heavy metal,,47.1625,19.5033
2016,Hungary,Production of MOX fuel elements (tHM),Tonnes of heavy metal,,47.1625,19.5033
2016,Hungary,Production of uranium and plutonium in reprocessing plants (tHM),Tonnes of heavy metal,,47.1625,19.5033
2016,Malta,Production of fresh fuel elements (tHM),Tonnes of heavy metal,,35.9375,14.3754
2016,Malta,Production of MOX fuel elements (tHM),Tonnes of heavy metal,,35.9375,14.3754
2016,Malta,Production of uranium and plutonium in reprocessing plants (tHM),Tonnes of heavy metal,,35.9375,14.3754
2016,Netherlands,Production of fresh fuel elements (tHM),Tonnes of heavy metal,,52.1326,5.2913
2016,Netherlands,Production of MOX fuel elements (tHM),Tonnes of heavy metal,,52.1326,5.2913
2016,Netherlands,Production of uranium and plutonium in reprocessing plants (tHM),Tonnes of heavy metal,,52.1326,5.2913
2016,Austria,Production of fresh fuel elements (tHM),Tonnes of heavy metal,,47.5162,14.5501
2016,Austria,Production of MOX fuel elements (tHM),Tonnes of heavy metal,,47.5162,14.5501
2016,Austria,Production of uranium and plutonium in reprocessing plants (tHM),Tonnes of heavy metal,,47.5162,14.5501
2016,Poland,Production of fresh fuel elements (tHM),Tonnes of heavy metal,,51.9194,19.1451
2016,Poland,Production of MOX fuel elements (tHM),Tonnes of heavy metal,,51.9194,19.1451
2016,Poland,Production of uranium and plutonium in reprocessing plants (tHM),Tonnes of heavy metal,,51.9194,19.1451
2016,Portugal,Production of fresh fuel elements (tHM),Tonnes of heavy metal,,39.3999,-8.2245
2016,Portugal,Production of MOX fuel elements (tHM),Tonnes of heavy metal,,39.3999,-8.2245
2016,Portugal,Production of uranium and plutonium in reprocessing plants (tHM),Tonnes of heavy metal,,39.3999,-8.2245
2016,Romania,Production of fresh fuel elements (tHM),Tonnes of heavy metal,212.3,45.9432,24.9668
2016,Romania,Production of MOX fuel elements (tHM),Tonnes of heavy metal,,45.9432,24.9668
2016,Romania,Production of uranium and plutonium in reprocessing plants (tHM),Tonnes of heavy metal,,45.9432,24.9668
2016,Slovenia,Production of fresh fuel elements (tHM),Tonnes of heavy metal,,46.1512,14.9955
2016,Slovenia,Production of MOX fuel elements (tHM),Tonnes of heavy metal,,46.1512,14.9955
2016,Slovenia,Production of uranium and plutonium in reprocessing plants (tHM),Tonnes of heavy metal,,46.1512,14.9955
2016,Slovakia,Production of fresh fuel elements (tHM),Tonnes of heavy metal,,48.669,19.699
2016,Slovakia,Production of MOX fuel elements (tHM),Tonnes of heavy metal,,48.669,19.699
2016,Slovakia,Production of uranium and plutonium in reprocessing plants (tHM),Tonnes of heavy metal,,48.669,19.699
2016,Finland,Production of fresh fuel elements (tHM),Tonnes of heavy metal,,61.9241,25.7482
2016,Finland,Production of MOX fuel elements (tHM),Tonnes of heavy metal,,61.9241,25.7482
2016,Finland,Production of uranium and plutonium in reprocessing plants (tHM),Tonnes of heavy metal,,61.9241,25.7482
2016,Sweden,Production of fresh fuel elements (tHM),Tonnes of heavy metal,500,58.838609,14.812291
2016,Sweden,Production of MOX fuel elements (tHM),Tonnes of heavy metal,,58.838609,14.812291
2016,Sweden,Production of uranium and plutonium in reprocessing plants (tHM),Tonnes of heavy metal,,58.838609,14.812291
2016,United Kingdom,Production of fresh fuel elements (tHM),Tonnes of heavy metal,188,55.3781,-3.436
2016,United Kingdom,Production of MOX fuel elements (tHM),Tonnes of heavy metal,0,55.3781,-3.436
2016,United Kingdom,Production of uranium and plutonium in reprocessing plants (tHM),Tonnes of heavy metal,993,55.3781,-3.436
2017,Belgium,Production of fresh fuel elements (tHM),Tonnes of heavy metal,0,50.5039,4.4699
2017,Belgium,Production of MOX fuel elements (tHM),Tonnes of heavy metal,0,50.5039,4.4699
2017,Belgium,Production of uranium and plutonium in reprocessing plants (tHM),Tonnes of heavy metal,0,50.5039,4.4699
2017,Bulgaria,Production of fresh fuel elements (tHM),Tonnes of heavy metal,,42.7339,25.4858
2017,Bulgaria,Production of MOX fuel elements (tHM),Tonnes of heavy metal,,42.7339,25.4858
2017,Bulgaria,Production of uranium and plutonium in reprocessing plants (tHM),Tonnes of heavy metal,,42.7339,25.4858
2017,Czechia,Production of fresh fuel elements (tHM),Tonnes of heavy metal,0,49.817492,15.472962
2017,Czechia,Production of MOX fuel elements (tHM),Tonnes of heavy metal,0,49.817492,15.472962
2017,Czechia,Production of uranium and plutonium in reprocessing plants (tHM),Tonnes of heavy metal,0,49.817492,15.472962
2017,Denmark,Production of fresh fuel elements (tHM),Tonnes of heavy metal,0,56.2639,9.5018
2017,Denmark,Production of MOX fuel elements (tHM),Tonnes of heavy metal,0,56.2639,9.5018
2017,Denmark,Production of uranium and plutonium in reprocessing plants (tHM),Tonnes of heavy metal,0,56.2639,9.5018
2017,Germany,Production of fresh fuel elements (tHM),Tonnes of heavy metal,299.2,51.1657,10.4515
2017,Germany,Production of MOX fuel elements (tHM),Tonnes of heavy metal,,51.1657,10.4515
2017,Germany,Production of uranium and plutonium in reprocessing plants (tHM),Tonnes of heavy metal,,51.1657,10.4515
2017,Estonia,Production of fresh fuel elements (tHM),Tonnes of heavy metal,0,58.5953,25.0136
2017,Estonia,Production of MOX fuel elements (tHM),Tonnes of heavy metal,0,58.5953,25.0136
2017,Estonia,Production of uranium and plutonium in reprocessing plants (tHM),Tonnes of heavy metal,0,58.5953,25.0136
2017,Ireland,Production of fresh fuel elements (tHM),Tonnes of heavy metal,,53.4129,-8.2439
2017,Ireland,Production of MOX fuel elements (tHM),Tonnes of heavy metal,,53.4129,-8.2439
2017,Ireland,Production of uranium and plutonium in reprocessing plants (tHM),Tonnes of heavy metal,,53.4129,-8.2439
2017,Greece,Production of fresh fuel elements (tHM),Tonnes of heavy metal,0,39.0742,21.8243
2017,Greece,Production of MOX fuel elements (tHM),Tonnes of heavy metal,0,39.0742,21.8243
2017,Greece,Production of uranium and plutonium in reprocessing plants (tHM),Tonnes of heavy metal,0,39.0742,21.8243
2017,Spain,Production of fresh fuel elements (tHM),Tonnes of heavy metal,293,40.4637,-3.7492
2017,Spain,Production of MOX fuel elements (tHM),Tonnes of heavy metal,,40.4637,-3.7492
2017,Spain,Production of uranium and plutonium in reprocessing plants (tHM),Tonnes of heavy metal,,40.4637,-3.7492
2017,France,Production of fresh fuel elements (tHM),Tonnes of heavy metal,632,46.2276,2.2137
2017,France,Production of MOX fuel elements (tHM),Tonnes of heavy metal,110,46.2276,2.2137
2017,France,Production of uranium and plutonium in reprocessing plants (tHM),Tonnes of heavy metal,983,46.2276,2.2137
2017,Croatia,Production of fresh fuel elements (tHM),Tonnes of heavy metal,0,45.1,15.2
2017,Croatia,Production of MOX fuel elements (tHM),Tonnes of heavy metal,0,45.1,15.2
2017,Croatia,Production of uranium and plutonium in reprocessing plants (tHM),Tonnes of heavy metal,0,45.1,15.2
2017,Italy,Production of fresh fuel elements (tHM),Tonnes of heavy metal,,41.8719,12.5674
2017,Italy,Production of MOX fuel elements (tHM),Tonnes of heavy metal,,41.8719,12.5674
2017,Italy,Production of uranium and plutonium in reprocessing plants (tHM),Tonnes of heavy metal,,41.8719,12.5674
2017,Cyprus,Production of fresh fuel elements (tHM),Tonnes of heavy metal,0,35.1264,33.4299
2017,Cyprus,Production of MOX fuel elements (tHM),Tonnes of heavy metal,0,35.1264,33.4299
2017,Cyprus,Production of uranium and plutonium in reprocessing plants (tHM),Tonnes of heavy metal,0,35.1264,33.4299
2017,Latvia,Production of fresh fuel elements (tHM),Tonnes of heavy metal,,56.8796,24.6032
2017,Latvia,Production of MOX fuel elements (tHM),Tonnes of heavy metal,,56.8796,24.6032
2017,Latvia,Production of uranium and plutonium in reprocessing plants (tHM),Tonnes of heavy metal,,56.8796,24.6032
2017,Lithuania,Production of fresh fuel elements (tHM),Tonnes of heavy metal,,55.1694,23.8813
2017,Lithuania,Production of MOX fuel elements (tHM),Tonnes of heavy metal,,55.1694,23.8813
2017,Lithuania,Production of uranium and plutonium in reprocessing plants (tHM),Tonnes of heavy metal,,55.1694,23.8813
2017,Luxembourg,Production of fresh fuel elements (tHM),Tonnes of heavy metal,,49.8153,6.1296
2017,Luxembourg,Production of MOX fuel elements (tHM),Tonnes of heavy metal,,49.8153,6.1296
2017,Luxembourg,Production of uranium and plutonium in reprocessing plants (tHM),Tonnes of heavy metal,,49.8153,6.1296
2017,Hungary,Production of fresh fuel elements (tHM),Tonnes of heavy metal,,47.1625,19.5033
2017,Hungary,Production of MOX fuel elements (tHM),Tonnes of heavy metal,,47.1625,19.5033
2017,Hungary,Production of uranium and plutonium in reprocessing plants (tHM),Tonnes of heavy metal,,47.1625,19.5033
2017,Malta,Production of fresh fuel elements (tHM),Tonnes of heavy metal,,35.9375,14.3754
2017,Malta,Production of MOX fuel elements (tHM),Tonnes of heavy metal,,35.9375,14.3754
2017,Malta,Production of uranium and plutonium in reprocessing plants (tHM),Tonnes of heavy metal,,35.9375,14.3754
2017,Netherlands,Production of fresh fuel elements (tHM),Tonnes of heavy metal,,52.1326,5.2913
2017,Netherlands,Production of MOX fuel elements (tHM),Tonnes of heavy metal,,52.1326,5.2913
2017,Netherlands,Production of uranium and plutonium in reprocessing plants (tHM),Tonnes of heavy metal,,52.1326,5.2913
2017,Austria,Production of fresh fuel elements (tHM),Tonnes of heavy metal,,47.5162,14.5501
2017,Austria,Production of MOX fuel elements (tHM),Tonnes of heavy metal,,47.5162,14.5501
2017,Austria,Production of uranium and plutonium in reprocessing plants (tHM),Tonnes of heavy metal,,47.5162,14.5501
2017,Poland,Production of fresh fuel elements (tHM),Tonnes of heavy metal,,51.9194,19.1451
2017,Poland,Production of MOX fuel elements (tHM),Tonnes of heavy metal,,51.9194,19.1451
2017,Poland,Production of uranium and plutonium in reprocessing plants (tHM),Tonnes of heavy metal,,51.9194,19.1451
2017,Portugal,Production of fresh fuel elements (tHM),Tonnes of heavy metal,,39.3999,-8.2245
2017,Portugal,Production of MOX fuel elements (tHM),Tonnes of heavy metal,,39.3999,-8.2245
2017,Portugal,Production of uranium and plutonium in reprocessing plants (tHM),Tonnes of heavy metal,,39.3999,-8.2245
2017,Romania,Production of fresh fuel elements (tHM),Tonnes of heavy metal,228,45.9432,24.9668
2017,Romania,Production of MOX fuel elements (tHM),Tonnes of heavy metal,,45.9432,24.9668
2017,Romania,Production of uranium and plutonium in reprocessing plants (tHM),Tonnes of heavy metal,,45.9432,24.9668
2017,Slovenia,Production of fresh fuel elements (tHM),Tonnes of heavy metal,,46.1512,14.9955
2017,Slovenia,Production of MOX fuel elements (tHM),Tonnes of heavy metal,,46.1512,14.9955
2017,Slovenia,Production of uranium and plutonium in reprocessing plants (tHM),Tonnes of heavy metal,,46.1512,14.9955
2017,Slovakia,Production of fresh fuel elements (tHM),Tonnes of heavy metal,,48.669,19.699
2017,Slovakia,Production of MOX fuel elements (tHM),Tonnes of heavy metal,,48.669,19.699
2017,Slovakia,Production of uranium and plutonium in reprocessing plants (tHM),Tonnes of heavy metal,,48.669,19.699
2017,Finland,Production of fresh fuel elements (tHM),Tonnes of heavy metal,,61.9241,25.7482
2017,Finland,Production of MOX fuel elements (tHM),Tonnes of heavy metal,,61.9241,25.7482
2017,Finland,Production of uranium and plutonium in reprocessing plants (tHM),Tonnes of heavy metal,,61.9241,25.7482
2017,Sweden,Production of fresh fuel elements (tHM),Tonnes of heavy metal,476,58.838609,14.812291
2017,Sweden,Production of MOX fuel elements (tHM),Tonnes of heavy metal,,58.838609,14.812291
2017,Sweden,Production of uranium and plutonium in reprocessing plants (tHM),Tonnes of heavy metal,,58.838609,14.812291
2017,United Kingdom,Production of fresh fuel elements (tHM),Tonnes of heavy metal,189,55.3781,-3.436
2017,United Kingdom,Production of MOX fuel elements (tHM),Tonnes of heavy metal,0,55.3781,-3.436
2017,United Kingdom,Production of uranium and plutonium in reprocessing plants (tHM),Tonnes of heavy metal,711,55.3781,-3.436
2018,Belgium,Production of fresh fuel elements (tHM),Tonnes of heavy metal,0,50.5039,4.4699
2018,Belgium,Production of MOX fuel elements (tHM),Tonnes of heavy metal,0,50.5039,4.4699
2018,Belgium,Production of uranium and plutonium in reprocessing plants (tHM),Tonnes of heavy metal,0,50.5039,4.4699
2018,Bulgaria,Production of fresh fuel elements (tHM),Tonnes of heavy metal,,42.7339,25.4858
2018,Bulgaria,Production of MOX fuel elements (tHM),Tonnes of heavy metal,,42.7339,25.4858
2018,Bulgaria,Production of uranium and plutonium in reprocessing plants (tHM),Tonnes of heavy metal,,42.7339,25.4858
2018,Czechia,Production of fresh fuel elements (tHM),Tonnes of heavy metal,0,49.817492,15.472962
2018,Czechia,Production of MOX fuel elements (tHM),Tonnes of heavy metal,0,49.817492,15.472962
2018,Czechia,Production of uranium and plutonium in reprocessing plants (tHM),Tonnes of heavy metal,0,49.817492,15.472962
2018,Denmark,Production of fresh fuel elements (tHM),Tonnes of heavy metal,0,56.2639,9.5018
2018,Denmark,Production of MOX fuel elements (tHM),Tonnes of heavy metal,0,56.2639,9.5018
2018,Denmark,Production of uranium and plutonium in reprocessing plants (tHM),Tonnes of heavy metal,0,56.2639,9.5018
2018,Germany,Production of fresh fuel elements (tHM),Tonnes of heavy metal,259,51.1657,10.4515
2018,Germany,Production of MOX fuel elements (tHM),Tonnes of heavy metal,,51.1657,10.4515
2018,Germany,Production of uranium and plutonium in reprocessing plants (tHM),Tonnes of heavy metal,,51.1657,10.4515
2018,Estonia,Production of fresh fuel elements (tHM),Tonnes of heavy metal,0,58.5953,25.0136
2018,Estonia,Production of MOX fuel elements (tHM),Tonnes of heavy metal,0,58.5953,25.0136
2018,Estonia,Production of uranium and plutonium in reprocessing plants (tHM),Tonnes of heavy metal,0,58.5953,25.0136
2018,Ireland,Production of fresh fuel elements (tHM),Tonnes of heavy metal,,53.4129,-8.2439
2018,Ireland,Production of MOX fuel elements (tHM),Tonnes of heavy metal,,53.4129,-8.2439
2018,Ireland,Production of uranium and plutonium in reprocessing plants (tHM),Tonnes of heavy metal,,53.4129,-8.2439
2018,Greece,Production of fresh fuel elements (tHM),Tonnes of heavy metal,0,39.0742,21.8243
2018,Greece,Production of MOX fuel elements (tHM),Tonnes of heavy metal,0,39.0742,21.8243
2018,Greece,Production of uranium and plutonium in reprocessing plants (tHM),Tonnes of heavy metal,0,39.0742,21.8243
2018,Spain,Production of fresh fuel elements (tHM),Tonnes of heavy metal,290.71,40.4637,-3.7492
2018,Spain,Production of MOX fuel elements (tHM),Tonnes of heavy metal,,40.4637,-3.7492
2018,Spain,Production of uranium and plutonium in reprocessing plants (tHM),Tonnes of heavy metal,,40.4637,-3.7492
2018,France,Production of fresh fuel elements (tHM),Tonnes of heavy metal,734,46.2276,2.2137
2018,France,Production of MOX fuel elements (tHM),Tonnes of heavy metal,93,46.2276,2.2137
2018,France,Production of uranium and plutonium in reprocessing plants (tHM),Tonnes of heavy metal,1009,46.2276,2.2137
2018,Croatia,Production of fresh fuel elements (tHM),Tonnes of heavy metal,0,45.1,15.2
2018,Croatia,Production of MOX fuel elements (tHM),Tonnes of heavy metal,0,45.1,15.2
2018,Croatia,Production of uranium and plutonium in reprocessing plants (tHM),Tonnes of heavy metal,0,45.1,15.2
2018,Italy,Production of fresh fuel elements (tHM),Tonnes of heavy metal,,41.8719,12.5674
2018,Italy,Production of MOX fuel elements (tHM),Tonnes of heavy metal,,41.8719,12.5674
2018,Italy,Production of uranium and plutonium in reprocessing plants (tHM),Tonnes of heavy metal,,41.8719,12.5674
2018,Cyprus,Production of fresh fuel elements (tHM),Tonnes of heavy metal,0,35.1264,33.4299
2018,Cyprus,Production of MOX fuel elements (tHM),Tonnes of heavy metal,0,35.1264,33.4299
2018,Cyprus,Production of uranium and plutonium in reprocessing plants (tHM),Tonnes of heavy metal,0,35.1264,33.4299
2018,Latvia,Production of fresh fuel elements (tHM),Tonnes of heavy metal,0,56.8796,24.6032
2018,Latvia,Production of MOX fuel elements (tHM),Tonnes of heavy metal,0,56.8796,24.6032
2018,Latvia,Production of uranium and plutonium in reprocessing plants (tHM),Tonnes of heavy metal,0,56.8796,24.6032
2018,Lithuania,Production of fresh fuel elements (tHM),Tonnes of heavy metal,0,55.1694,23.8813
2018,Lithuania,Production of MOX fuel elements (tHM),Tonnes of heavy metal,0,55.1694,23.8813
2018,Lithuania,Production of uranium and plutonium in reprocessing plants (tHM),Tonnes of heavy metal,0,55.1694,23.8813
2018,Luxembourg,Production of fresh fuel elements (tHM),Tonnes of heavy metal,0,49.8153,6.1296
2018,Luxembourg,Production of MOX fuel elements (tHM),Tonnes of heavy metal,0,49.8153,6.1296
2018,Luxembourg,Production of uranium and plutonium in reprocessing plants (tHM),Tonnes of heavy metal,0,49.8153,6.1296
2018,Hungary,Production of fresh fuel elements (tHM),Tonnes of heavy metal,,47.1625,19.5033
2018,Hungary,Production of MOX fuel elements (tHM),Tonnes of heavy metal,,47.1625,19.5033
2018,Hungary,Production of uranium and plutonium in reprocessing plants (tHM),Tonnes of heavy metal,,47.1625,19.5033
2018,Malta,Production of fresh fuel elements (tHM),Tonnes of heavy metal,0,35.9375,14.3754
2018,Malta,Production of MOX fuel elements (tHM),Tonnes of heavy metal,0,35.9375,14.3754
2018,Malta,Production of uranium and plutonium in reprocessing plants (tHM),Tonnes of heavy metal,0,35.9375,14.3754
2018,Netherlands,Production of fresh fuel elements (tHM),Tonnes of heavy metal,,52.1326,5.2913
2018,Netherlands,Production of MOX fuel elements (tHM),Tonnes of heavy metal,,52.1326,5.2913
2018,Netherlands,Production of uranium and plutonium in reprocessing plants (tHM),Tonnes of heavy metal,,52.1326,5.2913
2018,Austria,Production of fresh fuel elements (tHM),Tonnes of heavy metal,0,47.5162,14.5501
2018,Austria,Production of MOX fuel elements (tHM),Tonnes of heavy metal,0,47.5162,14.5501
2018,Austria,Production of uranium and plutonium in reprocessing plants (tHM),Tonnes of heavy metal,0,47.5162,14.5501
2018,Poland,Production of fresh fuel elements (tHM),Tonnes of heavy metal,,51.9194,19.1451
2018,Poland,Production of MOX fuel elements (tHM),Tonnes of heavy metal,,51.9194,19.1451
2018,Poland,Production of uranium and plutonium in reprocessing plants (tHM),Tonnes of heavy metal,,51.9194,19.1451
2018,Portugal,Production of fresh fuel elements (tHM),Tonnes of heavy metal,,39.3999,-8.2245
2018,Portugal,Production of MOX fuel elements (tHM),Tonnes of heavy metal,,39.3999,-8.2245
2018,Portugal,Production of uranium and plutonium in reprocessing plants (tHM),Tonnes of heavy metal,,39.3999,-8.2245
2018,Romania,Production of fresh fuel elements (tHM),Tonnes of heavy metal,216,45.9432,24.9668
2018,Romania,Production of MOX fuel elements (tHM),Tonnes of heavy metal,,45.9432,24.9668
2018,Romania,Production of uranium and plutonium in reprocessing plants (tHM),Tonnes of heavy metal,,45.9432,24.9668
2018,Slovenia,Production of fresh fuel elements (tHM),Tonnes of heavy metal,,46.1512,14.9955
2018,Slovenia,Production of MOX fuel elements (tHM),Tonnes of heavy metal,,46.1512,14.9955
2018,Slovenia,Production of uranium and plutonium in reprocessing plants (tHM),Tonnes of heavy metal,,46.1512,14.9955
2018,Slovakia,Production of fresh fuel elements (tHM),Tonnes of heavy metal,,48.669,19.699
2018,Slovakia,Production of MOX fuel elements (tHM),Tonnes of heavy metal,,48.669,19.699
2018,Slovakia,Production of uranium and plutonium in reprocessing plants (tHM),Tonnes of heavy metal,,48.669,19.699
2018,Finland,Production of fresh fuel elements (tHM),Tonnes of heavy metal,,61.9241,25.7482
2018,Finland,Production of MOX fuel elements (tHM),Tonnes of heavy metal,,61.9241,25.7482
2018,Finland,Production of uranium and plutonium in reprocessing plants (tHM),Tonnes of heavy metal,,61.9241,25.7482
2018,Sweden,Production of fresh fuel elements (tHM),Tonnes of heavy metal,448,58.838609,14.812291
2018,Sweden,Production of MOX fuel elements (tHM),Tonnes of heavy metal,,58.838609,14.812291
2018,Sweden,Production of uranium and plutonium in reprocessing plants (tHM),Tonnes of heavy metal,,58.838609,14.812291
2018,United Kingdom,Production of fresh fuel elements (tHM),Tonnes of heavy metal,179,55.3781,-3.436
2018,United Kingdom,Production of MOX fuel elements (tHM),Tonnes of heavy metal,0,55.3781,-3.436
2018,United Kingdom,Production of uranium and plutonium in reprocessing plants (tHM),Tonnes of heavy metal,811,55.3781,-3.436
2019,Belgium,Production of fresh fuel elements (tHM),Tonnes of heavy metal,0,50.5039,4.4699
2019,Belgium,Production of MOX fuel elements (tHM),Tonnes of heavy metal,0,50.5039,4.4699
2019,Belgium,Production of uranium and plutonium in reprocessing plants (tHM),Tonnes of heavy metal,0,50.5039,4.4699
2019,Bulgaria,Production of fresh fuel elements (tHM),Tonnes of heavy metal,0,42.7339,25.4858
2019,Bulgaria,Production of MOX fuel elements (tHM),Tonnes of heavy metal,0,42.7339,25.4858
2019,Bulgaria,Production of uranium and plutonium in reprocessing plants (tHM),Tonnes of heavy metal,0,42.7339,25.4858
2019,Czechia,Production of fresh fuel elements (tHM),Tonnes of heavy metal,0,49.817492,15.472962
2019,Czechia,Production of MOX fuel elements (tHM),Tonnes of heavy metal,0,49.817492,15.472962
2019,Czechia,Production of uranium and plutonium in reprocessing plants (tHM),Tonnes of heavy metal,0,49.817492,15.472962
2019,Denmark,Production of fresh fuel elements (tHM),Tonnes of heavy metal,0,56.2639,9.5018
2019,Denmark,Production of MOX fuel elements (tHM),Tonnes of heavy metal,0,56.2639,9.5018
2019,Denmark,Production of uranium and plutonium in reprocessing plants (tHM),Tonnes of heavy metal,0,56.2639,9.5018
2019,Germany,Production of fresh fuel elements (tHM),Tonnes of heavy metal,217,51.1657,10.4515
2019,Germany,Production of MOX fuel elements (tHM),Tonnes of heavy metal,0,51.1657,10.4515
2019,Germany,Production of uranium and plutonium in reprocessing plants (tHM),Tonnes of heavy metal,0,51.1657,10.4515
2019,Estonia,Production of fresh fuel elements (tHM),Tonnes of heavy metal,0,58.5953,25.0136
2019,Estonia,Production of MOX fuel elements (tHM),Tonnes of heavy metal,0,58.5953,25.0136
2019,Estonia,Production of uranium and plutonium in reprocessing plants (tHM),Tonnes of heavy metal,0,58.5953,25.0136
2019,Ireland,Production of fresh fuel elements (tHM),Tonnes of heavy metal,0,53.4129,-8.2439
2019,Ireland,Production of MOX fuel elements (tHM),Tonnes of heavy metal,0,53.4129,-8.2439
2019,Ireland,Production of uranium and plutonium in reprocessing plants (tHM),Tonnes of heavy metal,0,53.4129,-8.2439
2019,Greece,Production of fresh fuel elements (tHM),Tonnes of heavy metal,0,39.0742,21.8243
2019,Greece,Production of MOX fuel elements (tHM),Tonnes of heavy metal,0,39.0742,21.8243
2019,Greece,Production of uranium and plutonium in reprocessing plants (tHM),Tonnes of heavy metal,0,39.0742,21.8243
2019,Spain,Production of fresh fuel elements (tHM),Tonnes of heavy metal,265,40.4637,-3.7492
2019,Spain,Production of MOX fuel elements (tHM),Tonnes of heavy metal,0,40.4637,-3.7492
2019,Spain,Production of uranium and plutonium in reprocessing plants (tHM),Tonnes of heavy metal,0,40.4637,-3.7492
2019,France,Production of fresh fuel elements (tHM),Tonnes of heavy metal,642,46.2276,2.2137
2019,France,Production of MOX fuel elements (tHM),Tonnes of heavy metal,89,46.2276,2.2137
2019,France,Production of uranium and plutonium in reprocessing plants (tHM),Tonnes of heavy metal,1214,46.2276,2.2137
2019,Croatia,Production of fresh fuel elements (tHM),Tonnes of heavy metal,0,45.1,15.2
2019,Croatia,Production of MOX fuel elements (tHM),Tonnes of heavy metal,0,45.1,15.2
2019,Croatia,Production of uranium and plutonium in reprocessing plants (tHM),Tonnes of heavy metal,0,45.1,15.2
2019,Italy,Production of fresh fuel elements (tHM),Tonnes of heavy metal,0,41.8719,12.5674
2019,Italy,Production of MOX fuel elements (tHM),Tonnes of heavy metal,0,41.8719,12.5674
2019,Italy,Production of uranium and plutonium in reprocessing plants (tHM),Tonnes of heavy metal,0,41.8719,12.5674
2019,Cyprus,Production of fresh fuel elements (tHM),Tonnes of heavy metal,0,35.1264,33.4299
2019,Cyprus,Production of MOX fuel elements (tHM),Tonnes of heavy metal,0,35.1264,33.4299
2019,Cyprus,Production of uranium and plutonium in reprocessing plants (tHM),Tonnes of heavy metal,0,35.1264,33.4299
2019,Latvia,Production of fresh fuel elements (tHM),Tonnes of heavy metal,0,56.8796,24.6032
2019,Latvia,Production of MOX fuel elements (tHM),Tonnes of heavy metal,0,56.8796,24.6032
2019,Latvia,Production of uranium and plutonium in reprocessing plants (tHM),Tonnes of heavy metal,0,56.8796,24.6032
2019,Lithuania,Production of fresh fuel elements (tHM),Tonnes of heavy metal,0,55.1694,23.8813
2019,Lithuania,Production of MOX fuel elements (tHM),Tonnes of heavy metal,0,55.1694,23.8813
2019,Lithuania,Production of uranium and plutonium in reprocessing plants (tHM),Tonnes of heavy metal,0,55.1694,23.8813
2019,Luxembourg,Production of fresh fuel elements (tHM),Tonnes of heavy metal,0,49.8153,6.1296
2019,Luxembourg,Production of MOX fuel elements (tHM),Tonnes of heavy metal,0,49.8153,6.1296
2019,Luxembourg,Production of uranium and plutonium in reprocessing plants (tHM),Tonnes of heavy metal,0,49.8153,6.1296
2019,Hungary,Production of fresh fuel elements (tHM),Tonnes of heavy metal,0,47.1625,19.5033
2019,Hungary,Production of MOX fuel elements (tHM),Tonnes of heavy metal,0,47.1625,19.5033
2019,Hungary,Production of uranium and plutonium in reprocessing plants (tHM),Tonnes of heavy metal,0,47.1625,19.5033
2019,Malta,Production of fresh fuel elements (tHM),Tonnes of heavy metal,0,35.9375,14.3754
2019,Malta,Production of MOX fuel elements (tHM),Tonnes of heavy metal,0,35.9375,14.3754
2019,Malta,Production of uranium and plutonium in reprocessing plants (tHM),Tonnes of heavy metal,0,35.9375,14.3754
2019,Netherlands,Production of fresh fuel elements (tHM),Tonnes of heavy metal,0,52.1326,5.2913
2019,Netherlands,Production of MOX fuel elements (tHM),Tonnes of heavy metal,0,52.1326,5.2913
2019,Netherlands,Production of uranium and plutonium in reprocessing plants (tHM),Tonnes of heavy metal,0,52.1326,5.2913
2019,Austria,Production of fresh fuel elements (tHM),Tonnes of heavy metal,0,47.5162,14.5501
2019,Austria,Production of MOX fuel elements (tHM),Tonnes of heavy metal,0,47.5162,14.5501
2019,Austria,Production of uranium and plutonium in reprocessing plants (tHM),Tonnes of heavy metal,0,47.5162,14.5501
2019,Poland,Production of fresh fuel elements (tHM),Tonnes of heavy metal,0,51.9194,19.1451
2019,Poland,Production of MOX fuel elements (tHM),Tonnes of heavy metal,0,51.9194,19.1451
2019,Poland,Production of uranium and plutonium in reprocessing plants (tHM),Tonnes of heavy metal,0,51.9194,19.1451
2019,Portugal,Production of fresh fuel elements (tHM),Tonnes of heavy metal,0,39.3999,-8.2245
2019,Portugal,Production of MOX fuel elements (tHM),Tonnes of heavy metal,0,39.3999,-8.2245
2019,Portugal,Production of uranium and plutonium in reprocessing plants (tHM),Tonnes of heavy metal,0,39.3999,-8.2245
2019,Romania,Production of fresh fuel elements (tHM),Tonnes of heavy metal,216,45.9432,24.9668
2019,Romania,Production of MOX fuel elements (tHM),Tonnes of heavy metal,0,45.9432,24.9668
2019,Romania,Production of uranium and plutonium in reprocessing plants (tHM),Tonnes of heavy metal,0,45.9432,24.9668
2019,Slovenia,Production of fresh fuel elements (tHM),Tonnes of heavy metal,0,46.1512,14.9955
2019,Slovenia,Production of MOX fuel elements (tHM),Tonnes of heavy metal,0,46.1512,14.9955
2019,Slovenia,Production of uranium and plutonium in reprocessing plants (tHM),Tonnes of heavy metal,0,46.1512,14.9955
2019,Slovakia,Production of fresh fuel elements (tHM),Tonnes of heavy metal,0,48.669,19.699
2019,Slovakia,Production of MOX fuel elements (tHM),Tonnes of heavy metal,0,48.669,19.699
2019,Slovakia,Production of uranium and plutonium in reprocessing plants (tHM),Tonnes of heavy metal,0,48.669,19.699
2019,Finland,Production of fresh fuel elements (tHM),Tonnes of heavy metal,0,61.9241,25.7482
2019,Finland,Production of MOX fuel elements (tHM),Tonnes of heavy metal,0,61.9241,25.7482
2019,Finland,Production of uranium and plutonium in reprocessing plants (tHM),Tonnes of heavy metal,0,61.9241,25.7482
2019,Sweden,Production of fresh fuel elements (tHM),Tonnes of heavy metal,484,58.838609,14.812291
2019,Sweden,Production of MOX fuel elements (tHM),Tonnes of heavy metal,0,58.838609,14.812291
2019,Sweden,Production of uranium and plutonium in reprocessing plants (tHM),Tonnes of heavy metal,0,58.838609,14.812291
2019,United Kingdom,Production of fresh fuel elements (tHM),Tonnes of heavy metal,190,55.3781,-3.436
2019,United Kingdom,Production of MOX fuel elements (tHM),Tonnes of heavy metal,0,55.3781,-3.436
2019,United Kingdom,Production of uranium and plutonium in reprocessing plants (tHM),Tonnes of heavy metal,427,55.3781,-3.436
2020,Belgium,Production of fresh fuel elements (tHM),Tonnes of heavy metal,0,50.5039,4.4699
2020,Belgium,Production of MOX fuel elements (tHM),Tonnes of heavy metal,0,50.5039,4.4699
2020,Belgium,Production of uranium and plutonium in reprocessing plants (tHM),Tonnes of heavy metal,0,50.5039,4.4699
2020,Bulgaria,Production of fresh fuel elements (tHM),Tonnes of heavy metal,0,42.7339,25.4858
2020,Bulgaria,Production of MOX fuel elements (tHM),Tonnes of heavy metal,0,42.7339,25.4858
2020,Bulgaria,Production of uranium and plutonium in reprocessing plants (tHM),Tonnes of heavy metal,0,42.7339,25.4858
2020,Czechia,Production of fresh fuel elements (tHM),Tonnes of heavy metal,0,49.817492,15.472962
2020,Czechia,Production of MOX fuel elements (tHM),Tonnes of heavy metal,0,49.817492,15.472962
2020,Czechia,Production of uranium and plutonium in reprocessing plants (tHM),Tonnes of heavy metal,0,49.817492,15.472962
2020,Denmark,Production of fresh fuel elements (tHM),Tonnes of heavy metal,0,56.2639,9.5018
2020,Denmark,Production of MOX fuel elements (tHM),Tonnes of heavy metal,0,56.2639,9.5018
2020,Denmark,Production of uranium and plutonium in reprocessing plants (tHM),Tonnes of heavy metal,0,56.2639,9.5018
2020,Germany,Production of fresh fuel elements (tHM),Tonnes of heavy metal,193,51.1657,10.4515
2020,Germany,Production of MOX fuel elements (tHM),Tonnes of heavy metal,0,51.1657,10.4515
2020,Germany,Production of uranium and plutonium in reprocessing plants (tHM),Tonnes of heavy metal,0,51.1657,10.4515
2020,Estonia,Production of fresh fuel elements (tHM),Tonnes of heavy metal,0,58.5953,25.0136
2020,Estonia,Production of MOX fuel elements (tHM),Tonnes of heavy metal,0,58.5953,25.0136
2020,Estonia,Production of uranium and plutonium in reprocessing plants (tHM),Tonnes of heavy metal,0,58.5953,25.0136
2020,Ireland,Production of fresh fuel elements (tHM),Tonnes of heavy metal,0,53.4129,-8.2439
2020,Ireland,Production of MOX fuel elements (tHM),Tonnes of heavy metal,0,53.4129,-8.2439
2020,Ireland,Production of uranium and plutonium in reprocessing plants (tHM),Tonnes of heavy metal,0,53.4129,-8.2439
2020,Greece,Production of fresh fuel elements (tHM),Tonnes of heavy metal,0,39.0742,21.8243
2020,Greece,Production of MOX fuel elements (tHM),Tonnes of heavy metal,0,39.0742,21.8243
2020,Greece,Production of uranium and plutonium in reprocessing plants (tHM),Tonnes of heavy metal,0,39.0742,21.8243
2020,Spain,Production of fresh fuel elements (tHM),Tonnes of heavy metal,294,40.4637,-3.7492
2020,Spain,Production of MOX fuel elements (tHM),Tonnes of heavy metal,0,40.4637,-3.7492
2020,Spain,Production of uranium and plutonium in reprocessing plants (tHM),Tonnes of heavy metal,0,40.4637,-3.7492
2020,France,Production of fresh fuel elements (tHM),Tonnes of heavy metal,705,46.2276,2.2137
2020,France,Production of MOX fuel elements (tHM),Tonnes of heavy metal,84,46.2276,2.2137
2020,France,Production of uranium and plutonium in reprocessing plants (tHM),Tonnes of heavy metal,1035,46.2276,2.2137
2020,Croatia,Production of fresh fuel elements (tHM),Tonnes of heavy metal,0,45.1,15.2
2020,Croatia,Production of MOX fuel elements (tHM),Tonnes of heavy metal,0,45.1,15.2
2020,Croatia,Production of uranium and plutonium in reprocessing plants (tHM),Tonnes of heavy metal,0,45.1,15.2
2020,Italy,Production of fresh fuel elements (tHM),Tonnes of heavy metal,0,41.8719,12.5674
2020,Italy,Production of MOX fuel elements (tHM),Tonnes of heavy metal,0,41.8719,12.5674
2020,Italy,Production of uranium and plutonium in reprocessing plants (tHM),Tonnes of heavy metal,0,41.8719,12.5674
2020,Cyprus,Production of fresh fuel elements (tHM),Tonnes of heavy metal,0,35.1264,33.4299
2020,Cyprus,Production of MOX fuel elements (tHM),Tonnes of heavy metal,0,35.1264,33.4299
2020,Cyprus,Production of uranium and plutonium in reprocessing plants (tHM),Tonnes of heavy metal,0,35.1264,33.4299
2020,Latvia,Production of fresh fuel elements (tHM),Tonnes of heavy metal,0,56.8796,24.6032
2020,Latvia,Production of MOX fuel elements (tHM),Tonnes of heavy metal,0,56.8796,24.6032
2020,Latvia,Production of uranium and plutonium in reprocessing plants (tHM),Tonnes of heavy metal,0,56.8796,24.6032
2020,Lithuania,Production of fresh fuel elements (tHM),Tonnes of heavy metal,0,55.1694,23.8813
2020,Lithuania,Production of MOX fuel elements (tHM),Tonnes of heavy metal,0,55.1694,23.8813
2020,Lithuania,Production of uranium and plutonium in reprocessing plants (tHM),Tonnes of heavy metal,0,55.1694,23.8813
2020,Luxembourg,Production of fresh fuel elements (tHM),Tonnes of heavy metal,0,49.8153,6.1296
2020,Luxembourg,Production of MOX fuel elements (tHM),Tonnes of heavy metal,0,49.8153,6.1296
2020,Luxembourg,Production of uranium and plutonium in reprocessing plants (tHM),Tonnes of heavy metal,0,49.8153,6.1296
2020,Hungary,Production of fresh fuel elements (tHM),Tonnes of heavy metal,0,47.1625,19.5033
2020,Hungary,Production of MOX fuel elements (tHM),Tonnes of heavy metal,0,47.1625,19.5033
2020,Hungary,Production of uranium and plutonium in reprocessing plants (tHM),Tonnes of heavy metal,0,47.1625,19.5033
2020,Malta,Production of fresh fuel elements (tHM),Tonnes of heavy metal,0,35.9375,14.3754
2020,Malta,Production of MOX fuel elements (tHM),Tonnes of heavy metal,0,35.9375,14.3754
2020,Malta,Production of uranium and plutonium in reprocessing plants (tHM),Tonnes of heavy metal,0,35.9375,14.3754
2020,Netherlands,Production of fresh fuel elements (tHM),Tonnes of heavy metal,0,52.1326,5.2913
2020,Netherlands,Production of MOX fuel elements (tHM),Tonnes of heavy metal,0,52.1326,5.2913
2020,Netherlands,Production of uranium and plutonium in reprocessing plants (tHM),Tonnes of heavy metal,0,52.1326,5.2913
2020,Austria,Production of fresh fuel elements (tHM),Tonnes of heavy metal,0,47.5162,14.5501
2020,Austria,Production of MOX fuel elements (tHM),Tonnes of heavy metal,0,47.5162,14.5501
2020,Austria,Production of uranium and plutonium in reprocessing plants (tHM),Tonnes of heavy metal,0,47.5162,14.5501
2020,Poland,Production of fresh fuel elements (tHM),Tonnes of heavy metal,0,51.9194,19.1451
2020,Poland,Production of MOX fuel elements (tHM),Tonnes of heavy metal,0,51.9194,19.1451
2020,Poland,Production of uranium and plutonium in reprocessing plants (tHM),Tonnes of heavy metal,0,51.9194,19.1451
2020,Portugal,Production of fresh fuel elements (tHM),Tonnes of heavy metal,0,39.3999,-8.2245
2020,Portugal,Production of MOX fuel elements (tHM),Tonnes of heavy metal,0,39.3999,-8.2245
2020,Portugal,Production of uranium and plutonium in reprocessing plants (tHM),Tonnes of heavy metal,0,39.3999,-8.2245
2020,Romania,Production of fresh fuel elements (tHM),Tonnes of heavy metal,208,45.9432,24.9668
2020,Romania,Production of MOX fuel elements (tHM),Tonnes of heavy metal,0,45.9432,24.9668
2020,Romania,Production of uranium and plutonium in reprocessing plants (tHM),Tonnes of heavy metal,0,45.9432,24.9668
2020,Slovenia,Production of fresh fuel elements (tHM),Tonnes of heavy metal,0,46.1512,14.9955
2020,Slovenia,Production of MOX fuel elements (tHM),Tonnes of heavy metal,0,46.1512,14.9955
2020,Slovenia,Production of uranium and plutonium in reprocessing plants (tHM),Tonnes of heavy metal,0,46.1512,14.9955
2020,Slovakia,Production of fresh fuel elements (tHM),Tonnes of heavy metal,0,48.669,19.699
2020,Slovakia,Production of MOX fuel elements (tHM),Tonnes of heavy metal,0,48.669,19.699
2020,Slovakia,Production of uranium and plutonium in reprocessing plants (tHM),Tonnes of heavy metal,0,48.669,19.699
2020,Finland,Production of fresh fuel elements (tHM),Tonnes of heavy metal,0,61.9241,25.7482
2020,Finland,Production of MOX fuel elements (tHM),Tonnes of heavy metal,0,61.9241,25.7482
2020,Finland,Production of uranium and plutonium in reprocessing plants (tHM),Tonnes of heavy metal,0,61.9241,25.7482
2020,Sweden,Production of fresh fuel elements (tHM),Tonnes of heavy metal,568,58.838609,14.812291
2020,Sweden,Production of MOX fuel elements (tHM),Tonnes of heavy metal,0,58.838609,14.812291
2020,Sweden,Production of uranium and plutonium in reprocessing plants (tHM),Tonnes of heavy metal,0,58.838609,14.812291
2021,Belgium,Production of fresh fuel elements (tHM),Tonnes of heavy metal,,50.5039,4.4699
2021,Belgium,Production of MOX fuel elements (tHM),Tonnes of heavy metal,,50.5039,4.4699
2021,Belgium,Production of uranium and plutonium in reprocessing plants (tHM),Tonnes of heavy metal,,50.5039,4.4699
2021,Bulgaria,Production of fresh fuel elements (tHM),Tonnes of heavy metal,,42.7339,25.4858
2021,Bulgaria,Production of MOX fuel elements (tHM),Tonnes of heavy metal,,42.7339,25.4858
2021,Bulgaria,Production of uranium and plutonium in reprocessing plants (tHM),Tonnes of heavy metal,,42.7339,25.4858
2021,Czechia,Production of fresh fuel elements (tHM),Tonnes of heavy metal,,49.817492,15.472962
2021,Czechia,Production of MOX fuel elements (tHM),Tonnes of heavy metal,,49.817492,15.472962
2021,Czechia,Production of uranium and plutonium in reprocessing plants (tHM),Tonnes of heavy metal,,49.817492,15.472962
2021,Denmark,Production of fresh fuel elements (tHM),Tonnes of heavy metal,,56.2639,9.5018
2021,Denmark,Production of MOX fuel elements (tHM),Tonnes of heavy metal,,56.2639,9.5018
2021,Denmark,Production of uranium and plutonium in reprocessing plants (tHM),Tonnes of heavy metal,,56.2639,9.5018
2021,Germany,Production of fresh fuel elements (tHM),Tonnes of heavy metal,,51.1657,10.4515
2021,Germany,Production of MOX fuel elements (tHM),Tonnes of heavy metal,,51.1657,10.4515
2021,Germany,Production of uranium and plutonium in reprocessing plants (tHM),Tonnes of heavy metal,,51.1657,10.4515
2021,Estonia,Production of fresh fuel elements (tHM),Tonnes of heavy metal,,58.5953,25.0136
2021,Estonia,Production of MOX fuel elements (tHM),Tonnes of heavy metal,,58.5953,25.0136
2021,Estonia,Production of uranium and plutonium in reprocessing plants (tHM),Tonnes of heavy metal,,58.5953,25.0136
2021,Ireland,Production of fresh fuel elements (tHM),Tonnes of heavy metal,,53.4129,-8.2439
2021,Ireland,Production of MOX fuel elements (tHM),Tonnes of heavy metal,,53.4129,-8.2439
2021,Ireland,Production of uranium and plutonium in reprocessing plants (tHM),Tonnes of heavy metal,,53.4129,-8.2439
2021,Greece,Production of fresh fuel elements (tHM),Tonnes of heavy metal,,39.0742,21.8243
2021,Greece,Production of MOX fuel elements (tHM),Tonnes of heavy metal,,39.0742,21.8243
2021,Greece,Production of uranium and plutonium in reprocessing plants (tHM),Tonnes of heavy metal,,39.0742,21.8243
2021,Spain,Production of fresh fuel elements (tHM),Tonnes of heavy metal,,40.4637,-3.7492
2021,Spain,Production of MOX fuel elements (tHM),Tonnes of heavy metal,,40.4637,-3.7492
2021,Spain,Production of uranium and plutonium in reprocessing plants (tHM),Tonnes of heavy metal,,40.4637,-3.7492
2021,France,Production of fresh fuel elements (tHM),Tonnes of heavy metal,,46.2276,2.2137
2021,France,Production of MOX fuel elements (tHM),Tonnes of heavy metal,,46.2276,2.2137
2021,France,Production of uranium and plutonium in reprocessing plants (tHM),Tonnes of heavy metal,,46.2276,2.2137
2021,Croatia,Production of fresh fuel elements (tHM),Tonnes of heavy metal,0,45.1,15.2
2021,Croatia,Production of MOX fuel elements (tHM),Tonnes of heavy metal,0,45.1,15.2
2021,Croatia,Production of uranium and plutonium in reprocessing plants (tHM),Tonnes of heavy metal,0,45.1,15.2
2021,Italy,Production of fresh fuel elements (tHM),Tonnes of heavy metal,,41.8719,12.5674
2021,Italy,Production of MOX fuel elements (tHM),Tonnes of heavy metal,,41.8719,12.5674
2021,Italy,Production of uranium and plutonium in reprocessing plants (tHM),Tonnes of heavy metal,,41.8719,12.5674
2021,Cyprus,Production of fresh fuel elements (tHM),Tonnes of heavy metal,,35.1264,33.4299
2021,Cyprus,Production of MOX fuel elements (tHM),Tonnes of heavy metal,,35.1264,33.4299
2021,Cyprus,Production of uranium and plutonium in reprocessing plants (tHM),Tonnes of heavy metal,,35.1264,33.4299
2021,Latvia,Production of fresh fuel elements (tHM),Tonnes of heavy metal,,56.8796,24.6032
2021,Latvia,Production of MOX fuel elements (tHM),Tonnes of heavy metal,,56.8796,24.6032
2021,Latvia,Production of uranium and plutonium in reprocessing plants (tHM),Tonnes of heavy metal,,56.8796,24.6032
2021,Lithuania,Production of fresh fuel elements (tHM),Tonnes of heavy metal,,55.1694,23.8813
2021,Lithuania,Production of MOX fuel elements (tHM),Tonnes of heavy metal,,55.1694,23.8813
2021,Lithuania,Production of uranium and plutonium in reprocessing plants (tHM),Tonnes of heavy metal,,55.1694,23.8813
2021,Luxembourg,Production of fresh fuel elements (tHM),Tonnes of heavy metal,,49.8153,6.1296
2021,Luxembourg,Production of MOX fuel elements (tHM),Tonnes of heavy metal,,49.8153,6.1296
2021,Luxembourg,Production of uranium and plutonium in reprocessing plants (tHM),Tonnes of heavy metal,,49.8153,6.1296
2021,Hungary,Production of fresh fuel elements (tHM),Tonnes of heavy metal,,47.1625,19.5033
2021,Hungary,Production of MOX fuel elements (tHM),Tonnes of heavy metal,,47.1625,19.5033
2021,Hungary,Production of uranium and plutonium in reprocessing plants (tHM),Tonnes of heavy metal,,47.1625,19.5033
2021,Malta,Production of fresh fuel elements (tHM),Tonnes of heavy metal,,35.9375,14.3754
2021,Malta,Production of MOX fuel elements (tHM),Tonnes of heavy metal,,35.9375,14.3754
2021,Malta,Production of uranium and plutonium in reprocessing plants (tHM),Tonnes of heavy metal,,35.9375,14.3754
2021,Netherlands,Production of fresh fuel elements (tHM),Tonnes of heavy metal,,52.1326,5.2913
2021,Netherlands,Production of MOX fuel elements (tHM),Tonnes of heavy metal,,52.1326,5.2913
2021,Netherlands,Production of uranium and plutonium in reprocessing plants (tHM),Tonnes of heavy metal,,52.1326,5.2913
2021,Austria,Production of fresh fuel elements (tHM),Tonnes of heavy metal,,47.5162,14.5501
2021,Austria,Production of MOX fuel elements (tHM),Tonnes of heavy metal,,47.5162,14.5501
2021,Austria,Production of uranium and plutonium in reprocessing plants (tHM),Tonnes of heavy metal,,47.5162,14.5501
2021,Poland,Production of fresh fuel elements (tHM),Tonnes of heavy metal,,51.9194,19.1451
2021,Poland,Production of MOX fuel elements (tHM),Tonnes of heavy metal,,51.9194,19.1451
2021,Poland,Production of uranium and plutonium in reprocessing plants (tHM),Tonnes of heavy metal,,51.9194,19.1451
2021,Portugal,Production of fresh fuel elements (tHM),Tonnes of heavy metal,,39.3999,-8.2245
2021,Portugal,Production of MOX fuel elements (tHM),Tonnes of heavy metal,,39.3999,-8.2245
2021,Portugal,Production of uranium and plutonium in reprocessing plants (tHM),Tonnes of heavy metal,,39.3999,-8.2245
2021,Romania,Production of fresh fuel elements (tHM),Tonnes of heavy metal,,45.9432,24.9668
2021,Romania,Production of MOX fuel elements (tHM),Tonnes of heavy metal,,45.9432,24.9668
2021,Romania,Production of uranium and plutonium in reprocessing plants (tHM),Tonnes of heavy metal,,45.9432,24.9668
2021,Slovenia,Production of fresh fuel elements (tHM),Tonnes of heavy metal,,46.1512,14.9955
2021,Slovenia,Production of MOX fuel elements (tHM),Tonnes of heavy metal,,46.1512,14.9955
2021,Slovenia,Production of uranium and plutonium in reprocessing plants (tHM),Tonnes of heavy metal,,46.1512,14.9955
2021,Slovakia,Production of fresh fuel elements (tHM),Tonnes of heavy metal,,48.669,19.699
2021,Slovakia,Production of MOX fuel elements (tHM),Tonnes of heavy metal,,48.669,19.699
2021,Slovakia,Production of uranium and plutonium in reprocessing plants (tHM),Tonnes of heavy metal,,48.669,19.699
2021,Finland,Production of fresh fuel elements (tHM),Tonnes of heavy metal,,61.9241,25.7482
2021,Finland,Production of MOX fuel elements (tHM),Tonnes of heavy metal,,61.9241,25.7482
2021,Finland,Production of uranium and plutonium in reprocessing plants (tHM),Tonnes of heavy metal,,61.9241,25.7482
2021,Sweden,Production of fresh fuel elements (tHM),Tonnes of heavy metal,,58.838609,14.812291
2021,Sweden,Production of MOX fuel elements (tHM),Tonnes of heavy metal,,58.838609,14.812291
2021,Sweden,Production of uranium and plutonium in reprocessing plants (tHM),Tonnes of heavy metal,,58.838609,14.812291
